"match_id","trackable_object","club_name","player","position_short","unit","n","defensive_third","middle_third","attacking_third","ball_att_loc_def","ball_def_loc_def","ball_mid_loc_def","ball_att_loc_mid","ball_def_loc_mid","ball_mid_loc_mid","ball_att_loc_att","ball_def_loc_att","ball_mid_loc_att","ball_att_mid_dist","ball_def_mid_dist","ball_mid_mid_dist","ball_att_goal_dist","ball_def_goal_dist","ball_mid_goal_dist","knn_pred","correct_pred"
2068,9982,"Inter","Stefan de Vrij","CB","DEF",20477,0.778727352639547,0.162328466083899,0.0589441812765542,0,0.985093972780298,0.616404199475066,0.0924608819345661,0.0146899978397062,0.359448818897638,0.907539118065434,0.000216029379995679,0.0241469816272966,35.1937746177133,35.4709795039278,22.5670676456006,84.0444800098097,19.1583287783467,33.8747502569158,"DEF",1
2068,7648,"Inter","Milan Skriniar","LCB","DEF",22217,0.668362065085295,0.260116127289913,0.0715218076247918,0,0.957024236983842,0.463623549821099,0.15604186489058,0.0421903052064632,0.509378727095305,0.84395813510942,0.000785457809694794,0.0269977230835954,35.7265794878751,36.7070954481089,23.9678534609473,82.0728900468199,21.7869340717535,38.0460441789527,"DEF",1
2068,2296,"Inter","Danilo D'Ambrosio","RW","ATT",23995,0.407626588872682,0.34753073556991,0.244842675557408,0,0.854875607663712,0.238647663241631,0.143815701185417,0.145124392336288,0.655728648768092,0.856184298814583,0,0.105623687990277,36.9780877329933,36.7669616927003,27.9518734987144,82.6478144380533,27.7840646871767,51.672030766758,"ATT",1
2068,8052,"Inter","Nicolo Barella","RM","MID",27653,0.314649405127834,0.505080823057173,0.180269771814993,0,0.746151804670913,0.145115067303517,0.29816700610998,0.253848195329087,0.815284411636995,0.70183299389002,0,0.0396005210594876,27.6008484695065,29.6091315150346,18.5648082568081,74.2556484127931,30.4924425351854,48.1815777799136,"MID",1
2068,7209,"Inter","Matias Vecino","LM","MID",20339,0.328826392644673,0.472589606175328,0.198584001179999,0,0.7039600772698,0.145991771599551,0.239055299539171,0.29507405022537,0.765615259942651,0.76094470046083,0.000965872504829363,0.0883929684577983,30.4127471508739,26.7581188450172,18.0808275406093,78.7571449601718,30.901070607552,49.3366851533085,"MID",1
2068,7246,"Inter","Matteo Politano","LF","ATT",4312,0.0517161410018553,0.530380333951763,0.417903525046382,0,0.269372693726937,0.0291938997821351,0.101036269430052,0.730627306273063,0.752941176470588,0.898963730569948,0,0.217864923747277,31.9205323604726,27.1192827205174,22.0298615427056,78.5815875850268,45.3277612338901,58.3097265993662,"ATT",1
2068,19244,"Inter","Alessandro Bastoni","RCB","DEF",7718,0.487561544441565,0.401528893495724,0.110909562062711,0,0.905842947525121,0.276366895727517,0.256410256410256,0.094157052474879,0.698237227367792,0.743589743589744,0,0.0253958769046908,33.0279793304962,35.5550864130388,23.2442260944239,79.7891559741342,24.8234460599712,45.1644291020857,"DEF",1
2068,2715,"Inter","Diego Godin","RCB","DEF",10618,0.798172913919759,0.150216613298173,0.0516104727820682,0,0.983063465475526,0.608197709463532,0.308823529411765,0.0169365345244742,0.367088607594937,0.691176470588235,0,0.024713682941531,35.2572281916623,38.1606508769856,25.7334337495719,80.3521153182866,20.8072994206666,35.7872994006108,"DEF",1
2068,12801,"Inter","Lautaro Martinez","LF","ATT",16811,0.143596454702278,0.398608054250193,0.457795491047528,0,0.669138854552946,0.040301908288237,0.0534791252485089,0.330861145447054,0.717032184562803,0.946520874751491,0,0.24266590714896,34.6252201934943,23.4639246244565,17.6731791028906,83.7140044654251,32.5796360845926,57.35079944626,"ATT",1
2068,11305,"Inter","Stefano Sensi","LM","MID",9162,0.283671687404497,0.357672997162192,0.358655315433312,0,0.926406926406926,0.0957417200111328,0.125109361329834,0.0711880711880712,0.741720011132758,0.874890638670166,0.00240500240500241,0.162538268856109,31.7965903963993,31.5045132011664,19.5879941785995,79.345273182214,25.1060994960856,53.380147762043,"ATT",0
2068,9504,"Inter","Samir Handanovic","GK","GK",6542,0.998165698563131,0,0.00183430143686946,0,1,1,0,0,0,1,0,0,50.6095822116593,48.6325208237566,47.8334715407696,100.229479469533,3.38567687169005,2.89205895529069,"GK",1
2068,9279,"Inter","Romelu Lukaku","RF","ATT",19590,0.0947932618683002,0.412251148545176,0.492955589586524,0,0.535004730368969,0.0263319798203519,0.0772720162677929,0.461684011352886,0.71416266765104,0.922727983732207,0.0033112582781457,0.259505352528608,34.9788397681061,22.5736064855987,17.3828185202023,83.7804685913902,33.1919161916894,58.669711109399,"ATT",1
2068,6024,"Inter","Kwadwo Asamoah","LW","ATT",23031,0.435586817767357,0.344709304849985,0.219703877382658,0,0.840669988925803,0.277143522833178,0.158536585365854,0.159330011074197,0.643639328984157,0.841463414634146,0,0.0792171481826654,36.5923009355585,36.2530612011926,28.5440211734017,80.7064863350782,29.1411279839189,50.1924524827402,"ATT",1
2068,6717,"Inter","Marcelo Brozovic","CM","MID",27613,0.382283706949625,0.49397023141274,0.123746061637634,0,0.80972319143987,0.158947188514784,0.37977644918118,0.19027680856013,0.80285421295505,0.62022355081882,0,0.0381985985301658,26.2702272411327,28.8490399072156,16.8538080665645,72.7582449316389,27.4721734697866,46.586507589594,"MID",1
2068,4023,"Juventus","Gonzalo Higuain","AM","MID",7555,0.160953011250827,0.393778954334878,0.445268034414295,0,0.779303062302006,0.0365310365310365,0.108744902582691,0.220696937697994,0.646272646272646,0.891255097417309,0,0.317196317196317,31.5938154270879,33.090894043018,18.7601582130187,79.7865563196588,21.8789701310396,60.1482361462726,"ATT",0
2068,3104,"Juventus","Emre Can","LF","ATT",6961,0.311162189340612,0.510558827754633,0.178278982904755,0,0.820726622989875,0.127430555555556,0.451717433570966,0.179273377010125,0.793055555555556,0.548282566429034,0,0.0795138888888889,27.540166379232,33.2096702394538,21.0367481520813,71.2722047135538,26.0454849586444,53.7241875147148,"DEF",0
2068,11322,"Juventus","Rodrigo Bentancur","RM","MID",10451,0.296048225050234,0.54368003061908,0.160271744330686,0.00277264325323475,0.848436246992783,0.0881953867028494,0.408964879852126,0.151563753007217,0.878109452736318,0.58826247689464,0,0.0336951605608322,24.7424714950379,30.6963131896049,17.4950536870116,72.0087338576113,24.2565267920076,52.1046248495093,"MID",1
2068,3343,"Juventus","Federico Bernardeschi","AM","MID",17295,0.114888696154958,0.342642382191385,0.542468921653657,0,0.771676300578035,0.0432604735883424,0.113850291349171,0.228323699421965,0.641621129326047,0.886149708650829,0,0.31511839708561,31.3882337565495,29.544043290846,18.6426130227953,79.89902914275,27.6366942452605,60.5474757845648,"ATT",0
2068,8514,"Juventus","Paulo Dybala","LF","ATT",18184,0.0742410910690717,0.404366476022877,0.521392432908051,0,0.590425531914894,0.0181842672413793,0.123499142367067,0.409574468085106,0.698410560344828,0.876500857632933,0,0.283405172413793,32.686776282627,28.4747172807545,21.4693769364287,80.2750405617592,35.7254811767179,61.6011755301896,"ATT",1
2068,1372,"Juventus","Blaise Matuidi","LM","MID",27560,0.252031930333817,0.494194484760523,0.25377358490566,0,0.795228974403622,0.0819867324374894,0.308799030743601,0.204771025596378,0.788484436128593,0.691200969256399,0,0.129528831433917,29.0103392888365,29.2979446342442,18.933024715154,74.7577555053325,26.9857397288909,53.6254531846411,"MID",1
2068,2083,"Juventus","Cristiano Ronaldo","RF","ATT",22493,0.0896723425065576,0.382652380740675,0.527675276752767,0,0.697826086956522,0.0168411470186618,0.12698232895333,0.302173913043478,0.696290395994538,0.87301767104667,0,0.2868684569868,33.2445261425846,31.0815478242223,20.158721985493,81.0711092390099,28.1640139969567,62.181127142003,"ATT",1
2068,7680,"Juventus","Miralem Pjanic","CM","MID",27622,0.327275360220114,0.511584968503367,0.161139671276519,0.000344115622849277,0.887365633276211,0.144677919393731,0.436166551961459,0.112634366723789,0.829400620048226,0.563489332415692,0,0.0259214605580434,23.1673518863357,31.9755947212573,16.0212487374423,69.3059744741437,23.7938045513352,48.4346810358824,"MID",1
2068,9500,"Juventus","Sami Khedira","RM","MID",17555,0.179151238963258,0.458558815152378,0.362289945884363,0,0.74000761324705,0.081669439822518,0.220267546270845,0.25999238675295,0.742928452579035,0.779732453729155,0,0.175402107598447,28.9332354272796,30.4200644931725,19.5206500499594,75.9168153749014,30.0024523712572,55.550915931201,"ATT",0
2068,520,"Juventus","Alex Sandro","LWB","DEF",20005,0.456485878530367,0.446488377905524,0.097025743564109,0.00248579545454545,0.928246412320616,0.276987353206865,0.528764204545455,0.071753587679384,0.703026196928636,0.46875,0,0.0199864498644986,27.553603619058,36.7357312267175,24.2137155285496,70.3128483629789,22.5550582114712,47.5444041823558,"DEF",1
2068,6179,"Juventus","Leonardo Bonucci","RCB","DEF",14780,0.637144790257104,0.268809201623816,0.0940460081190798,0.00482160077145612,0.974982864976011,0.399565296142003,0.164898746383799,0.025017135023989,0.574533598985691,0.830279652844744,0,0.0259011048723057,29.0675255781954,37.8024528548428,20.0131461671612,76.7996456601426,17.1805987074914,38.634795415531,"DEF",1
2068,11636,"Juventus","Matthijs de Ligt","LCB","DEF",15421,0.663381103689774,0.263796122171065,0.0728227741391609,0.0105386416861827,0.962346477052359,0.436993243243243,0.142857142857143,0.0376535229476406,0.554054054054054,0.846604215456675,0,0.0089527027027027,33.8013587079123,36.8345471983877,20.7650822747776,79.9522925726377,16.9184521885891,37.1913165426508,"DEF",1
2068,5521,"Juventus","Juan Cuadrado","RWB","DEF",20595,0.443845593590677,0.425977178926924,0.130177227482399,0.00131190554280092,0.939106683804627,0.205655822508334,0.282059691702197,0.0608933161953727,0.761007012300264,0.716628402755002,0,0.0333371651914013,31.654517057672,38.0210251599345,24.3487003483027,74.8612297130133,25.7485615408412,49.2178628429125,"DEF",1
2068,10913,"Juventus","Wojciech Szczesny","GK","GK",5133,1,0,0,0,1,1,0,0,0,0,0,0,0,49.2693434610272,46.621111047995,0,3.8110962676929,4.31934198958194,"GK",1
2269,10263,"Paris","Thiago Silva","RCB","DEF",21764,0.616614592905716,0.341940819702261,0.0414445873920235,0,0.951922035733622,0.37048294495103,0.508071367884452,0.0480779642663779,0.615782956208488,0.491928632115548,0,0.0137340988404818,24.4047815084501,36.4043895860011,19.8193490708092,68.0058146713423,18.5756079175506,39.4081813429533,"DEF",1
2269,5895,"Paris","Keylor Navas","GK","GK",6566,1,0,0,0,1,1,0,0,0,0,0,0,0,49.3844396738128,48.4896916535932,0,3.18840446050594,2.63067508018907,"GK",1
2269,8748,"Paris","Presnel Kimpembe","LCB","DEF",23136,0.57853561549101,0.372536307053942,0.0489280774550484,0,0.962176221957299,0.308306709265176,0.474358974358974,0.0378237780427008,0.677416134185304,0.525641025641026,0,0.0142771565495208,28.7963592106908,36.9407293091012,21.1308626101144,70.9634329555453,20.9527525999563,41.0874091880516,"DEF",1
2269,5512,"Paris","Juan Bernat","LWB","DEF",26431,0.401611743785706,0.492679051114222,0.105709205100072,0,0.795796771747373,0.189418859649123,0.425669708566382,0.204203228252627,0.761056286549708,0.574330291433618,0,0.0495248538011696,31.5619790604438,36.9964288347129,27.7001420497274,73.6253997466204,29.8886731881242,52.67227232537,"DEF",1
2269,7023,"Paris"," Marquinhos","CM","MID",25396,0.457079855095291,0.473972279099071,0.0689478658056387,0,0.900611784909306,0.205358908443741,0.59026240910528,0.0993882150906944,0.783072968162942,0.40973759089472,0,0.0115681233933162,23.0261387541773,33.8044581271416,18.2752378490204,67.7524150877537,24.691718888668,45.0417425155312,"MID",1
2269,6828,"Paris","Marco Verratti","LM","MID",27969,0.286746040258858,0.57871214558976,0.134541814151382,0,0.682465509568313,0.0839734636871508,0.407852927825692,0.317534490431687,0.854748603351955,0.592147072174308,0,0.0612779329608939,26.5986375844489,27.9718845302558,18.056416384274,72.1934853383308,30.636252731015,52.6654263932272,"MID",1
2269,885,"Paris","Angel Di Maria","RW","ATT",24995,0.175835167033407,0.530506101220244,0.293658731746349,0,0.531301855483482,0.0223951413930537,0.146500714139971,0.468094735254186,0.748624027329664,0.853499285860029,0.000603409262332177,0.228980831277282,32.3969389345085,27.5322636402808,23.0028767295052,78.9764459439392,38.5071927625875,60.9975026945866,"ATT",1
2269,698,"Paris","Ander Herrera","RM","MID",26251,0.277970363033789,0.581463563292827,0.140566073673384,0,0.662831966711541,0.0944776518868766,0.394533139816159,0.337168033288459,0.849406726737443,0.605466860183841,0,0.0561156213756803,24.4205685558234,27.8890653002643,16.4096312140641,71.6517512900244,31.097787169038,51.5217848729541,"MID",1
2269,12297,"Paris","Colin Dagba","RWB","DEF",8102,0.531473710195014,0.430017279684029,0.0385090101209578,0.0035799522673031,0.82427843803056,0.347604485219164,0.66945107398568,0.17572156196944,0.652395514780836,0.326968973747017,0,0,22.2029623579895,35.7983550550089,25.0447870590891,64.6230867953701,28.13924905833,44.5447567986039,"DEF",1
2269,6038,"Paris","Kylian Mbappe","LW","ATT",19695,0.0927646610814928,0.533434881949733,0.373800456968774,0,0.37112327339067,0.0234720992028344,0.0912169312169312,0.628616106333073,0.740146147032772,0.908783068783069,0.000260620276257493,0.236381753764393,34.0586282700293,25.4897607207748,22.2367168326009,81.5185368989093,44.0904995393716,61.5184182659901,"ATT",1
2269,7322,"Paris","Mauro Icardi","CF","ATT",21088,0.0599393019726859,0.443048179059181,0.497012518968134,0,0.274893894874306,0.00441855794336212,0.052926874883112,0.725106105125694,0.578831090580438,0.947073125116888,0,0.4167503514762,34.3432393047545,17.0212033198824,18.0953631419404,83.5860333629337,43.6756079068789,64.1587336068379,"ATT",1
2269,8345,"Paris","Pablo Sarabia","RM","MID",2775,0.282522522522523,0.551711711711712,0.165765765765766,0,0.650778210116732,0.00888324873096447,0.393374741200828,0.349221789883268,0.883248730964467,0.606625258799172,0,0.107868020304569,30.553134262872,27.9924318768463,17.7954324323046,76.2807674638765,31.1224225730178,57.3050627814937,"MID",1
2269,2951,"Paris","Edinson Cavani","LW","ATT",4029,0.152146934723256,0.465624224373294,0.38222884090345,0,0.582822085889571,0,0.0515075376884422,0.417177914110429,0.642124321062161,0.948492462311558,0,0.357875678937839,34.9697904617939,29.9159113495703,25.4812029584052,82.6697563984501,37.6872534110307,65.7869270934016,"ATT",1
2269,6106,"Paris","Leandro Paredes","RWB","DEF",8755,0.358537978298115,0.56527698458024,0.0761850371216448,0,0.790434235368156,0.0728458820331612,0.423076923076923,0.209565764631844,0.905680891546616,0.576923076923077,0,0.0214732264202229,20.8872272924268,27.5528059346771,12.8379961699491,67.6014445167408,25.7347295220798,47.7697927400323,"MID",0
2269,11189,"Marseille","Maxime Lopez","RM","MID",13310,0.108189331329827,0.624793388429752,0.267017280240421,0,0.523200757575758,0.0239002424662279,0.333900364520049,0.476799242424242,0.905438171111881,0.666099635479951,0,0.0706615864218912,26.4421567367222,23.1548734409179,15.6361775071375,73.8003211800095,36.1382226926629,51.7983290115286,"MID",1
2269,4332,"Marseille","Hiroki Sakai","LWB","DEF",23807,0.381400428445415,0.499264922081741,0.119334649472844,0.000456933973040896,0.876504241467745,0.32676828224011,0.575965273018049,0.123495758532255,0.625706456585032,0.42357779300891,0,0.0475252611748587,27.3496435684836,35.6096219026772,24.5829017064349,65.8250986896691,27.0596646689892,44.2904930244163,"DEF",1
2269,24026,"Marseille","Dario Benedetto","CF","ATT",22373,0.0510436687078175,0.459884682429714,0.489071648862468,0,0.509695290858726,0.00504950495049505,0.128082926248064,0.490304709141274,0.755940594059406,0.871917073751936,0,0.239009900990099,32.2520850084147,26.1204463870553,15.7331533725538,81.0230452837661,35.5512148111411,60.1908037982425,"ATT",1
2269,10633,"Marseille","Valere Germain","RW","ATT",24674,0.101523871281511,0.536961984274945,0.361514144443544,0,0.512180267965895,0.0429735043535249,0.210698293597967,0.487819732034105,0.809568392472615,0.789301706402033,0,0.14745810317386,32.3149456113977,28.4699610535029,20.3715545004729,78.7200814349283,37.2680495491306,55.2508130576933,"ATT",1
2269,10084,"Marseille","Steve Mandanda","GK","GK",5693,1,0,0,0,1,1,0,0,0,0,0,0,0,48.0095675695933,43.6381565135217,0,4.46368798631353,7.38168643021731,"GK",1
2269,11343,"Marseille","Boubacar Kamara","RCB","DEF",20272,0.545826756116811,0.407655880031571,0.046517363851618,0,0.984951367223344,0.450362207937965,0.744403744403744,0.0150486327766563,0.54759718396082,0.255596255596256,0,0.00204060810121416,19.1036329098525,36.6198407294699,19.414001938288,58.1412951602988,20.3745388699418,36.3643949673878,"DEF",1
2269,11335,"Marseille","Duje Caleta-Car","LCB","DEF",21413,0.529865035258955,0.374398729743614,0.0957362349974315,0,0.979724837074584,0.476873030395446,0.564024390243902,0.0202751629254164,0.50838670326319,0.435975609756098,0,0.0147402663413642,21.8460830105974,35.4700264682963,19.3844464987422,63.9517252133305,18.693881998118,35.7805779336447,"DEF",1
2269,2759,"Marseille","Dimitri Payet","LW","ATT",26906,0.136883966401546,0.599791867984836,0.263324165613618,0,0.616808769792935,0.050082889800192,0.336304799120772,0.382947624847747,0.878021115085944,0.663695200879228,0.000243605359317905,0.0718959951138644,28.4844174487098,28.1846745194712,19.7927599095331,73.9666153589066,33.8669490927299,51.8330754496637,"ATT",1
2269,10629,"Marseille","Valentin Rongier","LM","MID",27888,0.165017211703959,0.627223178427998,0.207759609868044,0,0.67801597309794,0.0641874681609781,0.410474592521572,0.32198402690206,0.908048904737646,0.589525407478428,0,0.0277636271013754,24.2050280458605,28.0729032729076,15.7914872979457,70.5660568253935,31.0212455380243,49.3275300033749,"MID",1
2269,5875,"Marseille","Kevin Strootman","CM","MID",26739,0.213657952803022,0.650398294625827,0.135943752571151,0,0.753822030576245,0.0897159139970642,0.59294248402334,0.246177969423755,0.891891891891892,0.40705751597666,0,0.018392194111044,20.2330471028133,28.3962555388062,14.7427328524721,66.5088630865226,27.7445708868898,47.2004149931729,"MID",1
2269,1430,"Marseille","Bouna Sarr","RWB","DEF",26729,0.26024168506117,0.508960305286393,0.230798009652437,0,0.828322620775451,0.183902957322472,0.397231653173152,0.171677379224549,0.73446077563308,0.602768346826848,0,0.0816362670444484,29.4504891066612,35.6390605594351,23.8852079583799,72.8568183305336,30.6949581918635,49.2067077282451,"DEF",1
2269,7771,"Marseille","Morgan Sanson","RW","ATT",2557,0.0289401642549863,0.404380132968322,0.566679702776691,0,0.28740157480315,0,0.0706260032102729,0.71259842519685,0.84026622296173,0.929373996789727,0,0.15973377703827,32.9356702678158,24.9552989377436,19.0699704142576,81.5934106791457,40.3091886858183,61.4044766094697,"ATT",1
2269,24744,"Marseille","Marley Ake","CF","ATT",2243,0.00802496656263932,0.269728042799822,0.722246990637539,0,0.128205128205128,0.00537634408602151,0.00947867298578199,0.871794871794872,0.673835125448029,0.990521327014218,0,0.32078853046595,37.1299114719227,20.144094985629,20.8879856421884,86.4845324299961,43.4906628088553,63.3751867998711,"ATT",1
2269,5313,"Marseille","Jordan Amavi","RM","MID",12001,0.295475377051912,0.47846012832264,0.226064494625448,0,0.945918367346939,0.254226804123711,0.393807713199348,0.0540816326530612,0.695876288659794,0.606192286800652,0,0.0498969072164948,28.6015100713868,35.1334501727988,23.5494197953234,70.9386477567175,21.9755402800608,46.796836465049,"DEF",0
2417,10257,"Bayern Munchen","Thiago Alcantara","RM","MID",5532,0.240419378163413,0.528741865509761,0.230838756326826,0,0.79029304029304,0.150657632522918,0.218039772727273,0.20970695970696,0.831008369868473,0.781960227272727,0,0.018333997608609,27.9979087634246,27.2393251755137,14.8053677966975,76.091874376442,28.5544361594166,47.7210467927581,"MID",1
2417,2405,"Bayern Munchen","David Alaba","LCB","DEF",19569,0.497214982881087,0.454341049619296,0.0484439674996167,0.00133958472873409,0.949795081967213,0.247483401156565,0.518419290020094,0.0502049180327869,0.742021846219747,0.480241125251172,0,0.0104947526236882,26.4520508621691,33.5468403680913,19.7551847427842,71.1755198136299,25.3055404388076,42.7356760682971,"DEF",1
2417,6637,"Bayern Munchen","Manuel Neuer","GK","GK",4004,0.985514485514486,0.0144855144855145,0,0,1,0.822085889570552,0,0,0.177914110429448,0,0,0,0,45.690342292622,37.8356596975813,0,8.12751201764829,15.3926242727043,"GK",1
2417,10318,"Bayern Munchen","Thomas Müller","CM","MID",24780,0.101291364003228,0.532001614205004,0.366707021791768,0,0.563741974931214,0.0296555535089335,0.240733515411627,0.436258025068786,0.773070547062074,0.759266484588373,0,0.197273899428992,28.7381851418459,26.0482679140336,18.9542118423186,76.0170184017509,34.6492812054016,58.3807301260893,"ATT",0
2417,5482,"Bayern Munchen","Joshua Kimmich","LM","MID",23481,0.264596908138495,0.656956688386355,0.0784464034751501,0,0.681595292579274,0.115217205769395,0.594801732755748,0.318404707420726,0.859520355039686,0.405198267244252,0,0.0252624391909192,20.7849734171213,26.3606811995415,17.1612412742406,66.3591684528016,30.6978917063614,48.8234431164062,"MID",1
2417,9116,"Bayern Munchen","Robert Lewandowski","CF","ATT",19110,0.0172684458398744,0.318890633176347,0.663840920983778,0,0.306513409961686,0.00502649096590137,0.0898196886549446,0.693486590038314,0.598967531585382,0.910180311345055,0,0.396005977448716,32.1390743999238,26.416017830714,20.8371202041125,80.7003128770982,36.351144810284,65.1924444567091,"ATT",1
2417,5932,"Bayern Munchen","Kingsley Coman","LW","ATT",14116,0.101870218192122,0.435038254463021,0.463091527344857,0,0.634601579325197,0.0429048414023372,0.177809977230387,0.365398420674803,0.674123539232053,0.822190022769613,0,0.282971619365609,32.9174757427419,33.9854614218059,24.7896505619412,79.0350932425201,35.2197153743187,62.5740368862211,"ATT",1
2417,6168,"Bayern Munchen","Leon Goretzka","RM","MID",22007,0.124369518789476,0.620711591766256,0.254918889444268,0,0.483678046349365,0.0369812079188021,0.395920701486847,0.516321953650635,0.805245703949352,0.604079298513153,0,0.157773088131846,22.9519320806036,23.1347095690762,16.7043271552809,70.8094305413183,33.7328844206892,56.0264777278445,"MID",1
2417,18099,"Bayern Munchen","Alphonso Davies","LWB","DEF",25325,0.258795656465943,0.555419545903258,0.1857847976308,0,0.658693941778127,0.139688195991091,0.355510204081633,0.341306058221873,0.781559020044543,0.644489795918367,0,0.0787527839643653,31.0213715199394,34.4779203206885,24.9694912539185,75.2996780946771,36.4397527906024,52.5630728612185,"ATT",0
2417,4822,"Bayern Munchen","Javier Martinez","RCB","DEF",17060,0.544138335287222,0.421746776084408,0.0341148886283705,0.00133868808567604,0.949447555622824,0.266148553955918,0.502008032128514,0.0505524443771757,0.72760861256211,0.49665327978581,0,0.00624283348197223,26.1723717518434,33.1822694508152,19.0602242147403,68.9816401278518,23.6777920889183,40.7606754415237,"DEF",1
2417,1308,"Bayern Munchen","Benjamin Pavard","RWB","DEF",22569,0.267889583056405,0.609287075191634,0.122823341751961,0,0.657327586206897,0.12524103355187,0.469342864998625,0.342672413793103,0.837832626301581,0.530657135001375,0,0.0369263401465484,31.2178693819237,32.8565550770321,25.3785764855978,73.1434375362891,33.7503832232355,51.5105219888651,"DEF",1
2417,8685,"Bayern Munchen","Philippe Coutinho","RW","ATT",5602,0.0931810067832917,0.489468047126026,0.417350946090682,0,0.436477987421384,0.0777173913043478,0.188490408673895,0.563522012578616,0.861413043478261,0.811509591326105,0,0.0608695652173913,31.8855724691143,24.4506982278799,19.8992932771139,78.0140113556067,36.3513964164182,53.4271211212547,"ATT",1
2417,4555,"Bayern Munchen","Ivan Perisic","LW","ATT",4087,0.119647663322731,0.417421091264987,0.462931245412283,0,0.757437070938215,0.0842729970326409,0.1259987707437,0.242562929061785,0.755489614243323,0.8740012292563,0,0.160237388724036,32.8268755708653,31.9626402084445,26.1873473891436,80.2622765480581,33.6524839170122,59.318089780863,"ATT",1
2417,9734,"Bayern Munchen","Serge Gnabry","RW","ATT",16863,0.0619106920476784,0.474114926169721,0.463974381782601,0,0.423465947403911,0.0235560287463402,0.177540106951872,0.576534052596089,0.706947032206548,0.822459893048128,0,0.269496939047112,33.0499407560034,23.0423630471747,24.2667670070229,79.4531878909245,38.930669404652,62.3924015124231,"ATT",1
2417,6806,"Dortmund","Marco Reus","CF","ATT",7483,0.0975544567686757,0.573700387545102,0.328745155686222,0,0.517805582290664,0.0241764080765143,0.201569396763119,0.482194417709336,0.815887353878852,0.798430603236881,0,0.159936238044633,27.9935660474669,25.3557060240933,17.6358402383321,76.2815879282582,35.5216563060096,57.5203951570284,"ATT",1
2417,7217,"Dortmund","Mats Hummels","LCB","DEF",19390,0.704589994842702,0.259669932955132,0.0357400722021661,0,0.939495616408702,0.451504548635409,0.223198594024605,0.0605043835912978,0.532540237928621,0.776801405975395,0,0.0159552134359692,31.7135084945261,34.6938471735868,22.168996876905,77.0721878597825,21.3471088840995,37.2500911316757,"DEF",1
2417,9262,"Dortmund","Roman Bürki","GK","GK",7204,1,0,0,0,1,1,0,0,0,0,0,0,0,47.3601077737762,46.105047869644,0,4.89130750635434,5.64482259236349,"GK",1
2417,11559,"Dortmund","Achraf Hakimi","RWB","DEF",20904,0.496842709529277,0.399779946421737,0.103377344048986,0,0.843946996011836,0.297257947100218,0.327655759748991,0.156053003988164,0.667920407668042,0.672344240251008,0,0.0348216452317399,33.74520476321,35.6480767132377,26.4988866248865,77.3438475003339,28.8171707602839,45.9696460798222,"DEF",1
2417,6617,"Dortmund","Manuel Akanji","RCB","DEF",18606,0.735192948511233,0.232183166720413,0.0326238847683543,0,0.960373998219056,0.496916829598436,0.401098901098901,0.0396260017809439,0.480673785531659,0.598901098901099,0,0.0224093848699052,30.5590473350367,35.2054303577391,23.0697304199583,75.9244187901682,20.8595753010473,36.5343619167875,"DEF",1
2417,10336,"Dortmund","Thorgan Hazard","LW","ATT",24114,0.216679107572365,0.577382433441154,0.205938458986481,0,0.730660377358491,0.10731914893617,0.450980392156863,0.269339622641509,0.781446808510638,0.549019607843137,0,0.111234042553191,28.5082995075981,29.199663811915,22.2198558410832,72.387697900509,31.7855205861323,53.3623588840343,"MID",0
2417,5578,"Dortmund","Julian Brandt","AM","MID",25899,0.131395034557319,0.657554345727634,0.211050619715047,0,0.50021533161068,0.0527316307132821,0.370856785490932,0.49978466838932,0.875444251591041,0.629143214509068,0,0.0718241176956773,26.0290234255886,23.8328786549989,17.6844207944813,73.089156392117,37.1192284819492,53.2659806558401,"MID",1
2417,5595,"Dortmund","Julian Weigl","RM","MID",19230,0.36120644825793,0.585907436297452,0.0528861154446178,0,0.768736223365173,0.195523069894929,0.748085758039816,0.231263776634827,0.793170397441754,0.251914241960184,0,0.0113065326633166,18.3450652208813,27.44015637563,17.6001887361399,63.4417094145166,28.1518589109672,44.4043123889672,"MID",1
2417,1148,"Dortmund","Axel Witsel","LM","MID",27112,0.379057244024786,0.546363233992328,0.0745795219828858,0,0.804194956353055,0.168129367788071,0.591234069008393,0.195805043646945,0.800097513408094,0.408765930991607,0,0.0317731188038355,21.073971287902,28.2198080901089,17.7197315365673,66.8431956013996,27.7055897435484,45.3487340232264,"MID",1
2417,7979,"Dortmund","Nico Schulz","LWB","DEF",16654,0.607902005524198,0.354689564068692,0.0374084304071094,0,0.894487335771367,0.351929260450161,0.57,0.105512664228633,0.617041800643087,0.43,0,0.0310289389067524,25.9069705907584,36.1194376784711,24.5979333521299,70.783904451628,25.5571335733952,43.2876188856234,"DEF",1
2417,8879,"Dortmund","Raphael Guerreiro","RW","ATT",16748,0.276271793647003,0.583233818963458,0.140494387389539,0,0.736509370060962,0.099303394101082,0.564889757186715,0.263490629939038,0.826144953312583,0.435110242813285,0,0.0745516525863347,25.3629370392496,29.7974842878345,21.3460685730455,69.2111844889678,32.6621250078132,51.591161321782,"MID",0
2417,3576,"Dortmund","Francisco Alcacer","RM","MID",5360,0.00597014925373134,0.490858208955224,0.503171641791045,0,0.0975609756097561,0,0.0751586139580283,0.902439024390244,0.767256956993133,0.924841386041972,0,0.232743043006867,31.1143900194126,15.5006869705012,16.7814543799853,79.8033259499936,42.4151822890988,61.1333394222133,"ATT",0
2417,12950,"Dortmund","Jadon Sancho","RW","ATT",10834,0.200295366438988,0.574395421820196,0.225309211740816,0,0.583673469387755,0.126240828657747,0.336472292647591,0.416326530612245,0.795856711264566,0.663527707352409,0,0.0779024600776867,30.264411907502,27.7538797993441,19.8343603640716,75.2942755803795,36.3513687696197,51.7671770555437,"ATT",1
2417,6900,"Dortmund","Mario Götze","CF","ATT",15085,0.0806098773616175,0.591647331786543,0.32774279085184,0,0.478167501789549,0.0412938747419133,0.223913043478261,0.521832498210451,0.859187887130076,0.776086956521739,0,0.099518238128011,27.9363052798108,25.1480415297033,18.1154927291167,75.7031808026902,36.6743700125392,56.2217678067821,"ATT",1
2440,515,"Liverpool","Alex Oxlade-Chamberlain","CF","ATT",4346,0.336631385181776,0.514726184997699,0.148642429820525,0,0.899919289749798,0.0481137233460908,0.467592592592593,0.100080710250202,0.89119737561509,0.532407407407407,0,0.060688901038819,27.1639469025703,36.5506613607812,18.6877289745186,71.8489220059119,29.24400219831,50.7045552636366,"MID",0
2440,4683,"Liverpool","James Milner","RM","MID",9048,0.397325375773652,0.499668435013263,0.103006189213086,0,0.925099027727764,0.112147297943568,0.467596390484003,0.0749009722722362,0.82520325203252,0.532403609515997,0,0.062649450023912,25.7211855721443,33.1363821996365,18.1345090990789,71.4996288985763,21.312057266138,50.5125328309072,"MID",1
2440,11537,"Liverpool","Joe Gomez","RW","ATT",1273,0.592301649646504,0.407698350353496,0,0,0.802308802308802,0.123249299719888,1,0.197691197691198,0.876750700280112,0,0,0,17.4052334358608,31.8384687007465,17.552049115483,52.5156095865859,27.081309941851,43.2792106609698,"MID",0
2440,11847,"Liverpool","Trent Alexander-Arnold","RWB","DEF",20733,0.528963488158974,0.382144407466358,0.0888921043746684,0,0.90512448634276,0.253543499511241,0.32886216466235,0.0948755136572395,0.722751710654936,0.67113783533765,0,0.0237047898338221,31.6259339861765,35.5609550086471,24.2213352754697,75.694707600084,25.3598317028994,45.7267241429857,"DEF",1
2440,11565,"Liverpool","Alisson Ramses Becker","GK","GK",8795,1,0,0,0,1,1,0,0,0,0,0,0,0,44.7861166799285,42.3267301131924,0,6.99128003921201,8.55328829713442,"GK",1
2440,9143,"Liverpool","Roberto Firmino","CF","ATT",20530,0.178957622990745,0.485923039454457,0.335119337554798,0,0.737575095576188,0.0370286490771147,0.133665008291874,0.262424904423812,0.859359075982335,0.866334991708126,0,0.10361227494055,30.5655612707583,27.9502086209624,16.9249598276652,79.0103715492243,29.3263735701949,54.5514578585888,"ATT",1
2440,9449,"Liverpool","Sadio Mane","LW","ATT",23553,0.248715662548295,0.443722668025305,0.3075616694264,0,0.855741488747836,0.0483179047188982,0.188132933960919,0.144258511252164,0.86712576202303,0.811867066039081,0,0.0845563332580718,31.247232843981,32.3179684417117,18.3276892746434,78.3532018208015,29.8549045321089,55.1025692193735,"ATT",1
2440,7745,"Liverpool","Mohamed Salah","RW","ATT",17219,0.110633602415936,0.424414890527905,0.464951507056159,0,0.738297872340426,0.00898907481676117,0.12601246105919,0.261702127659574,0.76863504356244,0.87398753894081,0,0.222375881620799,32.0448645523526,30.1430951552047,20.6976281707008,80.2520315921146,29.9759873385537,60.2982035023231,"ATT",1
2440,3847,"Liverpool","Georginio Wijnaldum","LM","MID",26512,0.365645745322873,0.512296318648159,0.122057936028968,0,0.803510758776897,0.0977879213483146,0.298009682625067,0.196489241223103,0.879301264044944,0.701990317374933,0,0.0229108146067416,27.654002242611,29.0590968331879,15.9408584068742,75.0486784974297,27.1660869153429,48.5172987435973,"MID",1
2440,5318,"Liverpool","Jordan Henderson","RM","MID",15727,0.328161760030521,0.525147834933554,0.146690405035925,0,0.818942133815552,0.107102908277405,0.349141455437449,0.181057866184448,0.826901565995526,0.650858544562551,0,0.0659955257270693,29.983044124315,30.6598983010192,19.216498095146,75.3853887563483,27.0487675382065,50.965511660682,"MID",1
2440,3267,"Liverpool"," Fabinho","CM","MID",25691,0.451208594449418,0.497567241446421,0.051224164104161,0,0.832496801495916,0.144067041098333,0.484174085064293,0.167503198504084,0.84461085851832,0.515825914935707,0,0.0113221003833467,21.0907769672924,29.4217205408323,15.7033697134178,68.4166165500415,26.123984409163,45.145478860683,"MID",1
2440,851,"Liverpool","Andrew Robertson","LWB","DEF",19298,0.57835008809203,0.323919577158255,0.097730334749715,0,0.942608063930258,0.2695500218436,0.271681839961667,0.0573919360697421,0.712246978302024,0.728318160038332,0,0.018202999854376,32.3969874235761,36.6264706319001,24.8537586319417,76.4722191219827,23.1912921090524,45.2398995353191,"DEF",1
2440,10748,"Liverpool","Virgil van Dijk","LCB","DEF",18369,0.806957373836355,0.159725624693778,0.0333170014698677,0,0.986516209237831,0.509828227377369,0.00763358778625954,0.0134837907621689,0.469629891978041,0.99236641221374,0,0.02054188064459,35.7261617529485,34.97983465911,20.9034019094181,85.2920631719326,18.7183154616205,34.3582565577867,"DEF",1
2440,2599,"Liverpool","Dejan Lovren","RCB","DEF",19178,0.771196162269267,0.185003650015643,0.0438001877150902,0,0.981483267431768,0.48314606741573,0.1375,0.0185167325682322,0.496629213483146,0.8625,0,0.0202247191011236,34.398368653075,36.0712745623748,21.8486527320054,82.0067891967915,20.5024658853518,36.1355901283235,"DEF",1
2440,5202,"Manchester City","John Stones","RCB","DEF",16112,0.599863455809335,0.287673783515392,0.112462760675273,0,0.96264659041552,0.350959919164702,0.129180327868852,0.0373534095844795,0.636914786123274,0.870819672131148,0,0.0121252947120243,32.6884883494206,36.182304012121,19.4016890757292,82.0667271650081,19.6741273429314,39.2435973866471,"DEF",1
2440,8856,"Manchester City","Raheem Sterling","LW","ATT",21818,0.140709505912549,0.419011825098543,0.440278668988908,0,0.826522744795682,0.0652868125369604,0.180724341234508,0.173477255204318,0.76936723832052,0.819275658765491,0,0.165345949142519,33.830762888192,33.3542337755597,23.1903609279801,80.2675009661209,29.7240482304788,58.4633852258298,"ATT",1
2440,1336,"Manchester City","Bernardo Silva","RW","ATT",24063,0.154303287204422,0.487096372023438,0.35860034077214,0,0.791335344118454,0.0338283828382838,0.222876779577811,0.208664655881546,0.870565181518152,0.77712322042219,0,0.0956064356435644,31.7025574416385,30.8361874488395,19.5585696615531,77.901709115424,28.6298612856981,55.1100262397367,"ATT",1
2440,9750,"Manchester City","Sergio Aguero","CF","ATT",16381,0.0408399975581466,0.329650204505219,0.629509797936634,0,0.718354430379747,0.0214048839312632,0.0853816300129366,0.281645569620253,0.65435634609587,0.914618369987063,0,0.324238769972867,32.5667163991401,26.9785781066087,19.5401329542768,81.1184998337178,31.5311412537309,63.3959465167573,"ATT",1
2440,9202,"Manchester City","Rodrigo Hernandez","CM","MID",27168,0.286403121319199,0.551126325088339,0.162470553592462,0,0.799243958417713,0.086292731496847,0.38482922954726,0.200756041582287,0.878775307002987,0.61517077045274,0,0.0349319615001659,25.0583951246794,27.738441665451,15.9931269338823,72.2875658469273,26.8924852533553,49.1073133037869,"MID",1
2440,4460,"Manchester City","Ilkay Gündogan","LM","MID",28219,0.2295262057479,0.530706261738545,0.239767532513555,0,0.763596696275518,0.0716882238566236,0.296542185338866,0.236403303724482,0.878265280243469,0.703457814661134,0,0.050046495899907,25.6874513464471,27.8128939280698,15.6616859327808,73.2808847645946,28.2030472433572,50.9933084659038,"MID",1
2440,5821,"Manchester City","Kevin de Bruyne","RM","MID",22869,0.0836066290611745,0.399055489964581,0.517337880974245,0,0.707897240723121,0.0228577862853282,0.0974487243621811,0.292102759276879,0.788762526742484,0.902551275637819,0,0.188379686972188,31.0884630936674,26.6042708302341,18.1319435462926,78.8280691345675,32.0715493077806,58.9149797771723,"ATT",0
2440,12843,"Manchester City","Jose Tasende","LWB","DEF",14928,0.420551982851018,0.433279742765273,0.146168274383708,0,0.857890499194847,0.219438238110437,0.232683533803401,0.142109500805153,0.757899776571976,0.767316466196599,0,0.022661985317587,34.4776814470938,35.7652562323666,24.8732825401054,78.2718478550888,27.2910186381153,47.8659682957796,"DEF",1
2440,3397,"Manchester City","Luiz Fernandinho","LCB","DEF",15834,0.622710622710623,0.29127194644436,0.086017430845017,0,0.97221052631579,0.345557592932155,0.144160583941606,0.0277894736842105,0.652942157026171,0.855839416058394,0,0.00150025004167361,32.4593308351309,36.5428463448009,20.1105361126529,81.6228434102499,19.7984732660316,39.5590981404496,"DEF",1
2440,6037,"Manchester City","Kyle Walker","RWB","DEF",19711,0.362589417076759,0.456648571863427,0.180762011059814,0,0.862595419847328,0.161965317919075,0.253683906385438,0.137404580152672,0.785317919075144,0.746316093614562,0,0.0527167630057803,30.8750212871257,34.1428136105527,22.6750719828162,76.5213545311246,26.2520753939122,49.5020354852957,"DEF",1
2440,1947,"Manchester City","Claudio Bravo","GK","GK",5091,1,0,0,0,1,1,0,0,0,0,0,0,0,46.0807828760886,41.4144185325765,0,5.25627485077551,10.0356114942995,"GK",1
2440,11566,"Manchester City","Gabriel Jesus","CF","ATT",5153,0.0347370463807491,0.266640791771783,0.698622161847468,0,0.517985611510791,0,0.0260416666666667,0.482014388489209,0.650982727814175,0.973958333333333,0,0.349017272185825,35.3328465818728,26.5285086904692,18.8006267970947,84.6798509557055,37.4616048528939,62.3965221983024,"ATT",1
2841,6689,"FC Barcelona","Marc-Andre ter Stegen","GK","GK",12198,0.998606328906378,0,0.00139367109362191,0,1,1,0,0,0,0,0,0,0,48.7734855014017,46.8989226718749,0,3.77160031629549,3.65739011710382,"GK",1
2841,11712,"FC Barcelona","Clément Lenglet","LCB","DEF",30928,0.664446456285566,0.301312726332126,0.0342408173823073,0,0.976580796252927,0.412756662297947,0.743660418963616,0.0234192037470726,0.56085626911315,0.256339581036384,0,0.0263870685889034,18.1695090335411,38.7381872541252,21.6428001404162,58.4376421137323,18.4863491228037,37.3607075097165,"DEF",1
2841,5336,"FC Barcelona","Jordi Alba","LWB","DEF",35307,0.481689183448041,0.407114736454527,0.111196080097431,0,0.835823503713412,0.268240799829823,0.426216431800053,0.162778505897772,0.641211089839041,0.573783568199947,0.00139799038881608,0.0905481103311352,30.6089637005845,37.920603804859,27.3373550101966,71.2609532596574,29.5037836925549,50.5360391815852,"DEF",1
2841,12524,"FC Barcelona","Frenkie de Jong","LM","MID",39126,0.383709042580381,0.528881050963554,0.087409906456065,0,0.806795634920635,0.132385261797027,0.505050505050505,0.193204365079365,0.839948287007111,0.494949494949495,0,0.027666451195863,22.5471576159908,29.277035900043,16.2046713459593,69.3207007475428,26.7881159928116,48.7318918854436,"MID",1
2841,9745,"FC Barcelona","Sergi Roberto","RM","MID",39070,0.376426926030202,0.521192730995649,0.102380342974149,0.00147710487444609,0.724314080909615,0.16138235103417,0.468453260181473,0.275685919090385,0.777669714063412,0.530069634944081,0,0.0609479349024185,26.8702798210996,30.037199731145,20.966364459766,70.4908085334742,29.5977204882708,50.9530005535401,"MID",1
2841,4560,"FC Barcelona","Ivan Rakitic","CM","MID",36707,0.485847386057155,0.467213338055412,0.0469392758874329,0,0.917911056711546,0.211686494051784,0.673099762470309,0.0820889432884537,0.780195941217635,0.326900237529691,0,0.00811756473058083,18.2122106947052,31.1217319836673,16.2770590435346,64.3092663870008,23.2339575324756,44.648647505182,"MID",1
2841,6460,"FC Barcelona","Luis Suarez","CF","ATT",27646,0.0575490125153729,0.533060840627939,0.409390146856688,0,0.198668714797747,0.0076678801022384,0.0919245559421351,0.786482334869432,0.625280768337077,0.908075444057865,0.0148489503328213,0.367051351560685,33.1160486356003,17.6673360284875,19.445926972833,81.6350736170648,45.4515701511645,64.1013849081019,"ATT",1
2841,6260,"FC Barcelona","Lionel Messi","RW","ATT",29996,0.120549406587545,0.628850513401787,0.250600080010668,0,0.397454966121302,0.0246977675591486,0.238563983786914,0.602379771938523,0.776459244975154,0.761436016213086,0.000165261940175178,0.198842987465698,29.4638511646826,20.1375924509212,19.6308459667646,76.7677896364081,40.7233139581563,58.8757876824416,"ATT",1
2841,11514,"FC Barcelona","Nelson Semedo","RWB","DEF",21179,0.490060909391378,0.437886585768922,0.0720525048396997,0,0.852477763659466,0.234392523364486,0.530082041932543,0.147522236340534,0.722616822429907,0.469917958067457,0,0.0429906542056075,30.144425231531,37.0767902793856,27.2907833405708,70.9951689734564,28.4032099924534,49.6772685980671,"DEF",1
2841,956,"FC Barcelona","Antoine Griezmann","LW","ATT",31670,0.259804231133565,0.465329965266814,0.274865803599621,0,0.615717966736941,0.0719073735527118,0.122394769105027,0.383110798781916,0.671313223644119,0.877605230894973,0.00117123448114312,0.256779402803169,32.2291323739215,27.1534115687552,20.7455687565571,79.9487717783465,34.9029147098625,58.8680585104857,"ATT",1
2841,3862,"FC Barcelona","Gerard Pique","RCB","DEF",31512,0.667110941863417,0.302837014470678,0.0300520436659051,0.000577367205542725,0.982428115015974,0.408842141269027,0.76270207852194,0.0175718849840256,0.566016760731999,0.236720554272517,0,0.0251410979989738,19.3129851287939,36.8267034378325,21.2050126931311,57.4417530963635,17.4297280554221,38.093422907666,"DEF",1
2841,1101,"FC Barcelona","Arturo Vidal","RWB","DEF",15231,0.26268793907163,0.543431160133937,0.193880900794432,0,0.617410590518436,0.112953031041768,0.239597622313672,0.382589409481564,0.737363887534536,0.760402377686328,0,0.149683081423696,29.1755977792496,24.9047357957848,18.8118788098564,76.3089860360052,31.6616333528777,53.5801632537632,"ATT",0
2841,24800,"FC Barcelona","Ansu Fati","LW","ATT",5130,0.120662768031189,0.713060428849903,0.166276803118908,0,0.261421319796954,0.0594059405940594,0.295906432748538,0.738578680203046,0.85461177696717,0.704093567251462,0,0.0859822824387702,30.2362502060967,28.5640891217197,21.9583700084387,75.0141802717605,48.0993175743339,53.8898984757962,"ATT",1
2841,10271,"Real Madrid","Thibaut Courtois","GK","GK",6233,0.918658751804909,0.0327290229424033,0.0486122252526873,0,1,0.967707212055974,0.3,0,0.0182992465016146,0.7,0,0.0139935414424112,43.8764037981115,48.5455127988068,45.5779767055246,90.4890558511454,4.29059404290078,7.65744240498061,"GK",1
2841,8886,"Real Madrid","Raphael Varane","RCB","DEF",26497,0.497301581311092,0.410650262293845,0.0920481563950636,0.00654278984559016,0.97189905136925,0.496791487287791,0.654802407746663,0.02810094863075,0.481683047680936,0.338654802407747,0,0.0215254650312728,20.7321050422834,34.4849656833638,20.4276863745054,60.711816088281,19.6435417604608,35.4138871020828,"DEF",1
2841,9775,"Real Madrid","Sergio Ramos","LCB","DEF",28362,0.434348776531979,0.482547070023271,0.08310415344475,0.00188205771643664,0.963436599423631,0.419420041980875,0.717900460058553,0.0365634005763689,0.565031485656534,0.28021748222501,0,0.0155484723625904,20.9508469103585,33.8754837013916,20.6855574376135,60.8733233726341,21.566075099181,38.0974525762881,"DEF",1
2841,1684,"Real Madrid"," Casemiro","CM","MID",33095,0.278078259555824,0.632452032029007,0.0894697084151685,0.00135931128228364,0.805010155721056,0.212579617834395,0.721190152544933,0.194989844278944,0.773885350318471,0.277450536172784,0,0.0135350318471338,17.6477760337402,29.5264881166083,16.3038508525296,62.7658011222673,26.5084798851728,44.736075446679,"MID",1
2841,3747,"Real Madrid","Gareth Bale","RW","ATT",36215,0.135413502692255,0.427888996272263,0.436697501035483,0.000512645249487355,0.648704902867715,0.102372644801117,0.184125085440875,0.351295097132285,0.67794836008374,0.815362269309638,0,0.219678995115143,34.6007989315116,30.1129439627349,23.0809742234098,80.3472301348841,35.6184827470352,56.3219697390702,"ATT",1
2841,4497,"Real Madrid"," Isco","LW","ATT",30935,0.108647163407144,0.426733473411993,0.464619363180863,0,0.559713634884478,0.0983474405481661,0.135796498694264,0.440286365115522,0.685691253526804,0.864203501305736,0,0.21596130592503,32.0616263050817,25.6116665742162,20.9743957956766,79.9363031136322,35.7028916361214,55.9658384030047,"ATT",1
2841,5720,"Real Madrid","Karim Benzema","CF","ATT",34055,0.0339450888268977,0.391396270738511,0.574658640434591,0,0.22072451558551,0.0258500232883093,0.0579201045666204,0.77927548441449,0.657894736842105,0.94207989543338,0,0.316255239869585,34.343001762246,17.8159426277296,19.1134880587494,83.0497702818316,42.9167862993086,61.6267776704476,"ATT",1
2841,10530,"Real Madrid","Toni Kroos","LM","MID",38109,0.139048518722611,0.617911779369703,0.243039701907686,0,0.628905501245927,0.0775465214290346,0.419000549148819,0.371094498754073,0.872333527848019,0.580999450851181,0,0.0501199507229462,23.5622023880203,26.2647469371268,16.7485905737374,71.0135022334136,33.4082598943493,50.6866676799081,"MID",1
2841,12395,"Real Madrid","Federico Valverde","RM","MID",31419,0.13351793500748,0.516884687609408,0.349597377383112,0,0.643623658597454,0.0713291041312084,0.23084151179787,0.356376341402546,0.826164319975244,0.76915848820213,0,0.102506575893548,28.1539746459091,24.2677602135143,17.1279503292687,75.7434357512749,32.2813957897414,52.637894667463,"MID",1
2841,2199,"Real Madrid","Daniel Carvajal","RWB","DEF",34663,0.309321178201541,0.491677004298532,0.199001817499928,0.00254954224127941,0.856728142076503,0.304580362040592,0.487657897786534,0.143271857923497,0.625754251234229,0.509792559972187,0,0.0696653867251783,28.7608888649457,34.7167456772962,24.4749329451989,69.5459636579144,25.7541278939589,45.8568558711218,"DEF",1
2841,11311,"Real Madrid","Ferland Mendy","LWB","DEF",33829,0.305625351030181,0.510390493363682,0.183984155606137,0,0.87233667899278,0.289483040603001,0.495935917069148,0.12766332100722,0.64545260612956,0.504064082930852,0,0.0650643532674394,29.7990918214606,36.0221687445968,26.4237331626669,71.038235937613,27.0962249594882,47.5428120564273,"DEF",1
2841,6472,"Real Madrid","Luka Modric","RM","MID",6553,0.146192583549519,0.673584617732336,0.180222798718144,0,0.660818713450292,0.050767414403778,0.507472826086957,0.339181286549708,0.914207005116096,0.492527173913043,0,0.0350255804801259,27.2034327173141,25.5711655366552,15.1514377268696,72.1499827729889,31.0707363782913,51.6498816989849,"MID",1
2841,24861,"Real Madrid"," Rodrygo","LW","ATT",6318,0.0777144666033555,0.582779360557138,0.339506172839506,0,0.461267605633803,0.0175918686473808,0.260092653871608,0.526995305164319,0.81078967943706,0.739907346128392,0.0117370892018779,0.171618451915559,29.9017330660802,26.13022037725,25.0715009556927,76.0800594182661,43.0177334218196,60.7110160167687,"ATT",1
3442,10271,"Real Madrid","Thibaut Courtois","GK","GK",6339,0.987379712888468,0.00741441867802493,0.00520586843350686,0,1,0.963109354413702,0,0,0.0368906455862978,1,0,0,39.9908649944143,48.2799265990065,44.7697616765074,89.9283987744138,4.22441920131349,7.02123032267579,"GK",1
3442,2199,"Real Madrid","Daniel Carvajal","RWB","DEF",29478,0.439208901553701,0.420991926182238,0.139799172264061,0,0.907772621809745,0.389747513389441,0.502204974422297,0.0922273781902552,0.570772762050497,0.497795025577703,0,0.0394797245600612,26.1969106993095,34.4335931583557,24.157969110509,69.9536825615288,25.5069847991655,42.7983767521394,"DEF",1
3442,8886,"Real Madrid","Raphael Varane","RCB","DEF",23066,0.67870458683777,0.24889447671898,0.0724009364432498,0,0.985465944713594,0.605964467005076,0.424379232505643,0.0145340552864064,0.387509064539521,0.575620767494357,0,0.00652646845540247,25.6194241396122,35.8490425053368,21.3348412863657,70.9470515433077,18.7662883685874,33.5224263909373,"DEF",1
3442,9775,"Real Madrid","Sergio Ramos","LCB","DEF",23864,0.636104592691921,0.29504693261817,0.0688484746899095,0.00101522842639594,0.979288295802057,0.545802546069616,0.555329949238579,0.0207117041979427,0.448499955488293,0.443654822335025,0,0.00569749844209027,23.1420306820752,35.3211161357402,21.2162837105567,66.6443383667813,19.2423992461728,35.2038524902409,"DEF",1
3442,6733,"Real Madrid"," Marcelo","LWB","DEF",28227,0.4416338966238,0.388422432422858,0.169943670953343,0,0.888175003824384,0.390666048524185,0.388254824652418,0.111824996175616,0.541724617524339,0.611745175347582,0,0.0676093339514758,31.9979141117009,35.6498076215927,27.0550231720484,74.2097973583858,25.4158294598015,45.1813556291905,"DEF",1
3442,1684,"Real Madrid"," Casemiro","CM","MID",30810,0.355371632586822,0.564816617981175,0.0798117494320026,0,0.834154582570745,0.224974958263773,0.680486798679868,0.165845417429255,0.754924874791319,0.319513201320132,0,0.0201001669449082,18.7684281905046,29.3514264823918,16.7066508182383,65.6116015184053,26.3530295997101,43.6533605462271,"MID",1
3442,10530,"Real Madrid","Toni Kroos","LM","MID",34713,0.22706190764267,0.598421340708092,0.174516751649238,0,0.780915438324282,0.089226448812867,0.442616679418516,0.219084561675718,0.887286188409497,0.557383320581484,0,0.0234873627776359,24.6006490825859,28.0188821865076,15.826639237714,71.6522162115623,28.7351090078288,48.017880724216,"MID",1
3442,4497,"Real Madrid"," Isco","RW","ATT",28749,0.148596472920797,0.514070054610595,0.337333472468608,0,0.758255933952528,0.057114305480821,0.196293673276676,0.241744066047472,0.849565685294796,0.803706326723324,0,0.0933200092243831,29.6486278373267,27.7365708128232,16.42778773051,77.5108237236547,30.8440127583023,51.7463555618703,"ATT",1
3442,12397,"Real Madrid","Junior Vinicius","LW","ATT",31552,0.1598630831643,0.467482251521298,0.372654665314402,0,0.786068353769893,0.0916219270980503,0.210296207235763,0.213931646230107,0.752825656965244,0.789703792764237,0,0.155552415936705,33.9637978139673,30.9238938126338,23.9547464470734,80.5409368748098,32.824049497048,54.5135739842541,"ATT",1
3442,12395,"Real Madrid","Federico Valverde","RM","MID",30042,0.246288529392184,0.533985753278743,0.219725717329073,0,0.778528528528528,0.158802970729576,0.405295865982167,0.221283783783784,0.762268821901849,0.594704134017833,0.000187687687687688,0.0789282073685743,28.5223726199567,31.8893377970465,21.7816131825505,73.8168407416539,30.1311101223575,49.3872106438873,"MID",1
3442,6472,"Real Madrid","Luka Modric","RW","ATT",4065,0.236654366543665,0.609840098400984,0.153505535055351,0,0.917525773195876,0.114241001564945,0.359781121751026,0.0824742268041237,0.857068335941575,0.640218878248974,0,0.0286906624934794,26.3922629405407,31.5131993951863,16.3580788598035,73.7492302251044,30.3322329809603,49.0419922580654,"MID",0
3442,6383,"Real Madrid","Lucas Vazquez","RM","MID",1803,0.25402107598447,0.596783139212424,0.149195784803106,0,0.879365079365079,0.0366568914956012,0.271111111111111,0.120634920634921,0.963343108504399,0.728888888888889,0,0,35.3089714654476,37.5122383867906,23.2377069323163,81.3876259717743,35.5478630637002,57.1030427666064,"DEF",0
3442,5720,"Real Madrid","Karim Benzema","CF","ATT",29222,0.0618027513517213,0.433440558483334,0.504756690164944,0,0.490556900726392,0.0144961604764144,0.0652475247524752,0.509443099273608,0.755994358251058,0.934752475247525,0,0.229509481272528,33.6096395671442,22.2745406903864,15.8134160969248,82.3602726305204,33.1241906117873,57.3477791767583,"ATT",1
3442,11251,"Real Madrid","Mariano Diaz","CF","ATT",334,0,0.793413173652695,0.206586826347305,0,0,0,0,0,0.826815642458101,1,0,0.173184357541899,47.4066540065804,0,30.216864893387,93.1204892529977,0,68.4867733591237,"MID",0
3442,6689,"FC Barcelona","Marc-Andre ter Stegen","GK","GK",8473,1,0,0,0,1,1,0,0,0,0,0,0,0,47.4920205427993,45.0557446887963,0,4.61781876278175,5.64500462078251,"GK",1
3442,11514,"FC Barcelona","Nelson Semedo","RWB","DEF",31172,0.418035416399333,0.44880020531246,0.133164378288207,0,0.852533109102375,0.187761766167388,0.266742017519073,0.147466890897625,0.727479236175197,0.733257982480927,0,0.0847589976574146,32.5216930035909,37.0843469527986,27.3673673473607,76.3983943990012,28.0598142893801,53.0009587484597,"DEF",1
3442,9533,"FC Barcelona","Samuel Umtiti","LCB","DEF",25108,0.59200254898837,0.364784132547395,0.0432133184642345,0,0.964012409513961,0.298536396239217,0.528973509933775,0.0359875904860393,0.690704662208006,0.471026490066225,0,0.010758941552777,25.5572834766954,36.3914015618459,19.4965409070124,70.1750391614988,18.8076068360778,41.8968046990512,"DEF",1
3442,3862,"FC Barcelona","Gerard Pique","RCB","DEF",25675,0.620759493670886,0.329113924050633,0.050126582278481,0,0.982606072793083,0.349985589393794,0.40669014084507,0.0173939272069174,0.644250168123739,0.59330985915493,0,0.0057642424824671,25.2704526456883,36.5818607062746,19.1598147089779,71.5814810905981,18.3459678215113,39.5744616403513,"DEF",1
3442,5336,"FC Barcelona","Jordi Alba","LWB","DEF",29782,0.356255456315896,0.464240145054059,0.179504398630045,0,0.803852677489702,0.147401745038993,0.24413357400722,0.196147322510298,0.748745270635472,0.75586642599278,0,0.103852984325535,34.1415265598174,36.0578430732129,27.0460238640662,77.4073829693841,28.1329125143383,55.4782854488375,"DEF",1
3442,12802,"FC Barcelona"," Arthur","RM","MID",31895,0.251418717667346,0.608496629565763,0.140084652766891,0,0.631449343339587,0.0622065727699531,0.370028123744476,0.368550656660413,0.892363987848661,0.629971876255524,0,0.0454294393813864,26.4331433772113,26.082769805892,14.8617375763732,73.6420320297892,30.8632348293311,52.0561740036193,"MID",1
3442,12524,"FC Barcelona","Frenkie de Jong","LM","MID",35841,0.221561898384532,0.54565999832594,0.232778103289529,0.000151057401812689,0.620753623188406,0.0616623670798465,0.258459214501511,0.379246376811594,0.782734537217643,0.741389728096677,0,0.155603095702511,28.0496785754623,26.9502795284554,18.2809816885423,74.7394644493518,30.0785206816342,55.7217638126674,"MID",1
3442,9759,"FC Barcelona","Sergio Busquets","CM","MID",34353,0.326201496230315,0.590021249963613,0.0837772538060722,0,0.781224655312247,0.0831766612641815,0.538107299102003,0.218775344687753,0.897957860615883,0.461892700897997,0,0.0188654781199352,22.276514762315,27.7519291457914,14.3523379052984,69.523356671395,25.9182634338985,50.3048781537818,"MID",1
3442,6260,"FC Barcelona","Lionel Messi","RW","ATT",25560,0.0513302034428795,0.536345852895149,0.412323943661972,0,0.286200378071834,0.0122324159021407,0.115712545676005,0.713799621928166,0.715214067278288,0.884287454323995,0,0.272553516819572,30.1772305149797,19.1706836794324,18.7504900911839,78.4315572116168,40.8795281964136,61.2494121119631,"ATT",1
3442,956,"FC Barcelona","Antoine Griezmann","CF","ATT",24522,0.101459913547019,0.398173069080825,0.500367017372156,0,0.536544850498339,0.00909626884527921,0.0451357121073498,0.463455149501661,0.59866924955782,0.95486428789265,0,0.392234481596901,33.5391132276639,23.9533195059194,20.493377415986,82.3507005474513,34.6530914926726,64.1980988376824,"ATT",1
3442,1101,"FC Barcelona","Arturo Vidal","LW","ATT",26555,0.223046507249106,0.474712860101676,0.302240632649219,0,0.668516463189049,0.056562726613488,0.180290730602228,0.331483536810951,0.725082588026751,0.819709269397772,0,0.218354685359761,30.511463684495,30.7654134302071,21.968286122023,77.9344176141776,33.1254345364981,59.430210322188,"ATT",1
3442,7044,"FC Barcelona","Martin Braithwaite","LW","ATT",5939,0.23034180838525,0.389796261996969,0.379861929617781,0,0.741739130434783,0.154783393501805,0.123484848484848,0.258260869565217,0.604693140794224,0.876515151515151,0,0.240523465703971,33.9548700656923,31.3765618931792,22.8915925154403,81.671067475986,31.7570965650151,57.3633246470033,"ATT",1
3442,4560,"FC Barcelona","Ivan Rakitic","RM","MID",3612,0.190753045404208,0.582779623477298,0.226467331118494,0,0.724696356275304,0.00300525920360631,0.181818181818182,0.275303643724696,0.910593538692712,0.818181818181818,0,0.0864012021036814,24.8148060155537,28.1708379861055,15.327938625666,73.1042904207341,26.4228807218315,56.7267912124342,"ATT",0
3442,24800,"FC Barcelona","Ansu Fati","CF","ATT",2771,0.0649584987369181,0.445687477444966,0.489354023818116,0,0.593220338983051,0,0.0196463654223969,0.406779661016949,0.630851880276285,0.980353634577603,0,0.369148119723715,34.7451760490689,30.7420697252369,23.0617450888027,81.9192520417376,32.5068105888538,66.1000687105269,"ATT",1
3518,5521,"Juventus","Juan Cuadrado","RWB","DEF",22330,0.493506493506494,0.412942230183609,0.093551276309897,0,0.884328925368597,0.344837845879203,0.412698412698413,0.115671074631403,0.643161757413468,0.587301587301587,0,0.0120003967073292,30.8825238288551,35.9329369654243,25.3418727203092,73.6420405601646,25.7652697177345,45.0057280858443,"DEF",1
3518,2868,"Juventus","Douglas Costa","RW","ATT",17120,0.206950934579439,0.483586448598131,0.30946261682243,0,0.720460199004975,0.0640969484596291,0.220046985121378,0.279539800995025,0.841874726237407,0.779953014878622,0,0.0940283253029639,31.6968466428839,30.6263333549232,22.3886755936889,77.8377793443306,30.938070128537,53.9017505107532,"ATT",1
3518,8514,"Juventus","Paulo Dybala","RW","ATT",8644,0.0931281813975012,0.446089773253124,0.460782045349375,0,0.576312576312576,0.0305987865998417,0.0705921712947474,0.423687423687424,0.792930625164864,0.929407828705253,0,0.176470588235294,33.8260945078846,29.3708262347435,21.7514436006812,80.6458314964,37.6716110323857,57.844524179512,"ATT",1
3518,3343,"Juventus","Federico Bernardeschi","CF","ATT",4458,0.32907133243607,0.51390758187528,0.15702108568865,0,0.843400447427293,0.187755102040816,0.277251184834123,0.156599552572707,0.719183673469388,0.722748815165877,0,0.0930612244897959,29.1430553589618,32.978261159251,23.0833678212327,76.1298804948316,25.7063358103011,50.6609849413426,"DEF",0
3518,7286,"Juventus","Mattia De Sciglio","LWB","DEF",3207,0.677892111007172,0.30651699407546,0.0155908949173683,0,0.91273432449903,0.365719523373052,0.573770491803279,0.0872656755009696,0.612282309807516,0.426229508196721,0,0.0219981668194317,24.6677453193669,38.5333717179642,26.9816482566034,65.6564017653042,28.2288341918148,44.2453201915425,"DEF",1
3518,2083,"Juventus","Cristiano Ronaldo","LW","ATT",22448,0.0596935138987883,0.464317533856023,0.475988952245189,0,0.487152034261242,0.00782023361710552,0.120607429718876,0.512847965738758,0.767075826568996,0.879392570281124,0,0.225103939813898,33.2087936952364,27.0856812560414,19.3300224161675,80.9057662314972,35.726635384482,59.3669717017906,"ATT",1
3518,4023,"Juventus","Gonzalo Higuain","CF","ATT",20639,0.0631329037259557,0.428315325354911,0.508551770919134,0,0.586121437422553,0.0126510143606109,0.11767632790148,0.413878562577447,0.755869614770914,0.88232367209852,0,0.231479370868475,31.1649788592884,24.9649886464364,16.7310372225428,79.8023360965535,33.0045668929936,58.819819914528,"ATT",1
3518,520,"Juventus","Alex Sandro","LWB","DEF",18747,0.427054995465941,0.443110897743639,0.12983410679042,0,0.874631811487482,0.254946636287325,0.425646551724138,0.125368188512518,0.708837990166687,0.574353448275862,0,0.0362153735459887,31.2654662688415,36.9840462358797,24.2488507166761,74.1472661943451,27.538938274765,47.5450270689244,"DEF",1
3518,1372,"Juventus","Blaise Matuidi","LM","MID",29029,0.264046298529057,0.520513968789831,0.215439732681112,0,0.737047440699126,0.119920562175374,0.32533543804262,0.262952559300874,0.789489764741827,0.67466456195738,0,0.0905896730827987,27.0775300640526,29.084443352702,18.0600442860247,73.7831471613428,29.9856901400167,50.7286371079511,"MID",1
3518,11322,"Juventus","Rodrigo Bentancur","CM","MID",28964,0.353714956497721,0.531038530589698,0.115246512912581,0,0.842955187727089,0.169016242721422,0.483761329305136,0.157044812272911,0.809914189396261,0.516238670694864,0,0.0210695678823169,20.5212811200459,29.3233225352602,15.9137996592567,67.6843582636933,25.1729767762205,45.9399406721508,"MID",1
3518,105,"Juventus","Aaron Ramsey","RM","MID",30771,0.22352214747652,0.520457573689513,0.256020278833967,0,0.703986710963455,0.0928074245939675,0.285244175332368,0.296013289036545,0.805553476536187,0.714755824667632,0,0.101639098869845,27.3989145553416,27.6215379724471,17.3422525321934,74.7002597873258,28.9663876989282,51.6193823344494,"MID",1
3518,11636,"Juventus","Matthijs de Ligt","LCB","DEF",16269,0.753949228594259,0.205851619644723,0.0401991517610179,0,0.963916754005091,0.595868489962176,0.49867374005305,0.0360832459949094,0.391329647948793,0.50132625994695,0,0.0128018620890311,26.349045728617,36.4779269916064,22.8863209529245,70.5207885218461,18.7039725495664,33.6440306286526,"DEF",1
3518,6179,"Juventus","Leonardo Bonucci","RCB","DEF",16195,0.716517443655449,0.229762272306267,0.0537202840382834,0,0.972559214326979,0.485202492211838,0.233082706766917,0.0274407856730214,0.497040498442368,0.766917293233083,0,0.0177570093457944,31.8578646397915,36.3107513816712,21.1575566118665,79.4322018943354,17.9873145783286,35.3242568112795,"DEF",1
3518,10913,"Juventus","Wojciech Szczesny","GK","GK",5767,0.997572394659268,0.00242760534073175,0,0,1,0.942148760330578,0,0,0.0578512396694215,0,0,0,0,48.0985195745693,46.1769056738202,0,4.32823380106522,5.03317401733033,"GK",1
3518,8052,"Inter","Nicolo Barella","LM","MID",19973,0.266910328944075,0.544685325189005,0.18840434586692,0,0.716375457131248,0.1146175504458,0.413253012048193,0.283624542868753,0.816166119192867,0.586746987951807,0,0.0692163303613327,24.5317907153556,27.8779084983218,18.7237617067887,71.5475732014102,29.5209214110297,52.0370161643733,"MID",1
3518,12801,"Inter","Lautaro Martinez","LF","ATT",22221,0.0660636334998425,0.380315917375456,0.553620449124702,0,0.475923852183651,0.00760380190095048,0.0797004546670233,0.524076147816349,0.624912456228114,0.920299545332977,0,0.367483741870935,33.2011242570813,22.2138868412595,18.5632209574648,82.0297412549247,34.8988545307425,61.8977705123686,"ATT",1
3518,7648,"Inter","Milan Skriniar","RCB","DEF",20166,0.596201527323217,0.304869582465536,0.0989288902112467,0,0.963322259136213,0.410943675889328,0.355828220858896,0.0366777408637874,0.563858695652174,0.644171779141104,0,0.025197628458498,33.2485312915397,37.5468411799697,24.3634531011608,76.6596489888004,20.4256543062145,41.0450233119949,"DEF",1
3518,9279,"Inter","Romelu Lukaku","RF","ATT",15554,0.0795936736530796,0.35977883502636,0.560627491320561,0,0.530669144981413,0.0217738423573813,0.0647840531561462,0.469330855018587,0.625054434605893,0.935215946843854,0,0.353171723036725,34.1131653030852,22.7180651019747,18.5773809724671,83.0646688840001,32.4277762255293,61.5610287370364,"ATT",1
3518,1112,"Inter","Ashley Young","LW","ATT",24355,0.401067542599056,0.383042496407309,0.215889960993636,0,0.871783752529633,0.238791230495754,0.25668700140779,0.128216247470367,0.659687932056093,0.74331299859221,0,0.101520837448153,33.2220359578453,37.1127390562988,27.6797011778538,76.9351387525385,28.9220058679393,52.2136917822131,"ATT",1
3518,589,"Inter","Alexis Sanchez","RF","ATT",3778,0,0.341185812599259,0.658814187400741,0,0,0,0.0645161290322581,1,0.602163461538462,0.935483870967742,0,0.397836538461538,31.6533207465905,10.8706527758428,19.2385370384126,79.7607769765999,43.2391861599905,64.2195505950583,"ATT",1
3518,9144,"Inter","Roberto Gagliardini","RW","ATT",5953,0.110028557030069,0.543087518898035,0.346883924071896,0,0.624489795918367,0.0329776915615907,0.181960784313725,0.375510204081633,0.762366634335596,0.818039215686274,0,0.204655674102813,30.2027421749176,29.4916886794114,20.9344264357039,77.254398727389,34.5605963993451,57.7980341247989,"ATT",1
3518,1837,"Inter","Christian Eriksen","LM","MID",10915,0.260925332111773,0.510123683005039,0.228950984883188,0,0.77040059347181,0.0840753779250362,0.337303477846594,0.22959940652819,0.777593704700766,0.662696522153406,0,0.138330917374198,26.4386791647864,28.9289578585544,17.8360583728016,73.6069543705575,28.8907026725726,53.3659313859436,"MID",1
3518,9504,"Inter","Samir Handanovic","GK","GK",6711,1,0,0,0,1,1,0,0,0,0,0,0,0,48.4724254897967,46.4521978195632,0,3.73376477635725,4.40413165829539,"GK",1
3518,19244,"Inter","Alessandro Bastoni","LCB","DEF",20800,0.568942307692308,0.387836538461538,0.0432211538461538,0,0.948378139593588,0.321224316882017,0.580668604651163,0.0516218604064117,0.670408811692438,0.419331395348837,0,0.00836687142554544,27.5273648239426,36.5707582892985,22.7294707323402,70.9267908728619,21.952581805523,42.5011722218623,"DEF",1
3518,9982,"Inter","Stefan de Vrij","CB","DEF",19184,0.679785237698082,0.28435154295246,0.0358632193494579,0,0.974672596985421,0.439246583774468,0.477333333333333,0.0253274030145787,0.553243875415487,0.522666666666667,0,0.00750954081004555,26.067408793214,34.1388888195943,19.1425496626031,72.9481625817666,19.1352869703204,36.8425635897903,"DEF",1
3518,975,"Inter","Antonio Candreva","RW","ATT",15375,0.48260162601626,0.331967479674797,0.185430894308943,0,0.94762484774665,0.331508723913787,0.272727272727273,0.0523751522533496,0.622647964420116,0.727272727272727,0,0.0458433116660965,32.9714035257703,37.0380871721492,26.289428045982,76.6128538185682,24.5209371736702,46.6611397487915,"ATT",1
3518,7209,"Inter","Matias Vecino","RM","MID",30583,0.283948598894811,0.493378674426969,0.22267272667822,0,0.74358640447975,0.130024702447788,0.299311734094343,0.25641359552025,0.760386256456322,0.700688265905657,0,0.10958904109589,29.4486702378552,28.9346653286435,19.3717146107605,76.2456150455414,29.7931041307735,51.6961712881189,"MID",1
3518,6717,"Inter","Marcelo Brozovic","CM","MID",31019,0.328701763435314,0.498210774041716,0.17308746252297,0,0.855180580224985,0.120300751879699,0.310066643283059,0.144819419775015,0.850517382565324,0.689933356716941,0,0.0291818655549765,23.9661702416806,28.7745982249012,15.6695331204631,71.7431959536053,26.4827390781789,48.5699692989184,"MID",1
3749,9262,"Dortmund","Roman Bürki","GK","GK",4531,1,0,0,0,1,1,0,0,0,0,0,0,0,47.8549218666965,45.3040884455401,0,4.56601883873014,5.3181261793066,"GK",1
3749,6617,"Dortmund","Manuel Akanji","LCB","DEF",17007,0.689422002704769,0.279531957429294,0.0310460398659376,0,0.973495130129331,0.431202275789789,0.214285714285714,0.026504869870669,0.55382542296751,0.785714285714286,0,0.014972301242701,34.4394179978022,35.8518535766778,20.7781984084181,81.0839873197917,20.5594469483929,37.8172340881648,"DEF",1
3749,7217,"Dortmund","Mats Hummels","CB","DEF",16687,0.693054473542278,0.262719482231677,0.0442260442260442,0,0.968539677570825,0.455064673273979,0.184804928131417,0.0314603224291751,0.526457248446162,0.815195071868583,0,0.0184780782798589,32.4720546976713,34.1564179665355,20.0509454468494,81.0361880764359,19.3709048337727,36.3435344111102,"DEF",1
3749,6502,"Dortmund","Lukasz Piszczek","RCB","DEF",13932,0.626327878265863,0.330103359173127,0.0435687625610106,0,0.963007159904535,0.373418849100303,0.442965779467681,0.0369928400954654,0.615000890789239,0.557034220532319,0,0.0115802601104579,30.3873781450103,36.6140434036407,23.1125343549821,75.6742130834613,21.4207275943011,40.9495324304551,"DEF",1
3749,11559,"Dortmund","Achraf Hakimi","RW","ATT",14308,0.445415152362315,0.376502655856863,0.178082191780822,0.00060790273556231,0.906696553656486,0.287508486082824,0.235866261398176,0.0933034463435136,0.622539035980991,0.763525835866261,0,0.0899524779361847,33.0121095175859,36.369422663394,28.0355264306171,77.233126761846,27.5768319428002,48.9655608139109,"ATT",1
3749,11216,"Dortmund","Thomas Delaney","RM","MID",13125,0.403352380952381,0.523428571428571,0.0732190476190476,0,0.808180535966149,0.166328225955326,0.483030781373323,0.191819464033851,0.819272660143991,0.516969218626677,0,0.014399113900683,21.865711674256,28.8111104111459,17.1515828276635,68.4987483203646,27.7167376883179,44.291199805561,"MID",1
3749,6564,"Dortmund","Mahmoud Dahoud","LM","MID",25579,0.291371828453028,0.586926775870832,0.121701395676141,0.000303951367781155,0.758216379463493,0.113708912086964,0.414285714285714,0.241783620536507,0.847122767664567,0.585410334346505,0,0.0391683202484686,23.950971799715,26.8567091429528,15.9481424231036,71.1334516891032,29.3369784732596,47.7185077455155,"MID",1
3749,8879,"Dortmund","Raphael Guerreiro","LW","ATT",19016,0.436316785864535,0.373054270088347,0.190628944047118,0,0.90691596300764,0.259350536387359,0.19202518363064,0.0930840369923603,0.695708901130763,0.80797481636936,0,0.0449405624818788,32.0532834737022,36.0096201891292,26.0916462406057,77.8017551421575,27.6193827175024,49.5672294442383,"ATT",1
3749,16604,"Dortmund","Erling Haland","CF","ATT",16542,0.0747188973521944,0.529198404062387,0.396082698585419,0,0.609904430929626,0.0295338052233341,0.102745995423341,0.390095569070374,0.793019282401757,0.897254004576659,0,0.177446912374908,31.4137433926819,26.5835324631198,15.7608537147035,80.1160938886113,33.8988381741247,56.4747729299206,"ATT",1
3749,10336,"Dortmund","Thorgan Hazard","RF","ATT",23045,0.194619223258841,0.520373182903016,0.285007593838143,0.000186706497386109,0.710823373173971,0.103728679095597,0.244585511575803,0.289176626826029,0.783915113050377,0.755227781926811,0,0.112356207854026,31.3490800430965,28.5277423643489,20.5326927464498,77.5518223870501,31.2689678528683,53.2184836243492,"ATT",1
3749,5578,"Dortmund","Julian Brandt","LF","ATT",11665,0.292498928418345,0.508701243034719,0.198799828546935,0,0.754906653901388,0.172581903276131,0.264705882352941,0.245093346098612,0.769110764430577,0.735294117647059,0,0.0583073322932917,28.3944474636118,29.1656954522341,18.3009946912377,75.9890492561103,32.1474422050024,48.1674776623275,"MID",0
3749,12950,"Dortmund","Jadon Sancho","LF","ATT",11700,0.162735042735043,0.528290598290598,0.308974358974359,0.00035486160397445,0.704270235818993,0.0745196972637299,0.247693399574166,0.295729764181007,0.780516204152921,0.75195173882186,0,0.144964098583349,29.3723091777459,27.8270618328162,20.8794069902035,75.4106750355481,34.1295855571687,55.4901658663861,"ATT",1
3749,6900,"Dortmund","Mario Götze","RCB","DEF",2876,0.0598052851182197,0.482614742698192,0.457579972183588,0,0.554285714285714,0.0593561368209256,0.168502202643172,0.445714285714286,0.793762575452716,0.831497797356828,0,0.146881287726358,34.8016347831937,27.7695769239852,19.7177665393487,81.0131350807344,33.3839921217366,57.8721146115035,"ATT",0
3749,1148,"Dortmund","Axel Witsel","LM","MID",2491,0.134484142914492,0.634684865515857,0.230830991569651,0,0.537190082644628,0.00728155339805825,0.350096711798839,0.462809917355372,0.879854368932039,0.649903288201161,0,0.112864077669903,28.83871239416,26.5236687246244,15.7199140888209,74.4186233201442,27.2608824136471,53.0522920789582,"MID",1
3749,25541,"Dortmund","Giovanni Reyna","CF","ATT",5259,0.108195474424796,0.512835139760411,0.378969385814794,0,0.67741935483871,0.0319783197831978,0.151605675877521,0.32258064516129,0.824390243902439,0.84839432412248,0,0.143631436314363,31.2825515203815,27.521384256958,20.3770916625498,78.4515225156427,27.3025914208378,55.9552175966754,"ATT",1
3749,3104,"Dortmund","Emre Can","RM","MID",13460,0.2444279346211,0.62815750371471,0.12741456166419,0,0.754710011082379,0.0902488023489414,0.439975990396158,0.245289988917621,0.851800339978365,0.560024009603842,0,0.0579508576726936,22.7801633379789,27.0049065548954,14.9598716653723,70.2893361983762,28.8390936080255,48.8711591209688,"MID",1
3749,2405,"Bayern Munchen","David Alaba","LCB","DEF",20693,0.467114483158556,0.431643550959262,0.101241965882182,0,0.940371621621622,0.236193238870914,0.2508038585209,0.0596283783783784,0.744058908847484,0.7491961414791,0,0.0197478522816021,30.8207239079201,34.376863282281,18.4642487104783,77.0943688305275,21.5100054493749,43.7252861520386,"DEF",1
3749,1308,"Bayern Munchen","Benjamin Pavard","RWB","DEF",19244,0.307992101434213,0.488775722303055,0.203232176262731,0,0.854388750283511,0.118069815195072,0.326122053600258,0.145384440916308,0.785677618069815,0.673877946399742,0.000226808800181447,0.0962525667351129,30.8709811050297,34.3017673723455,22.1364343566632,75.8633850913819,26.9610645627116,52.488104028435,"DEF",1
3749,4822,"Bayern Munchen","Javier Martinez","LW","ATT",1759,0.297328027288232,0.622512791358727,0.0801591813530415,0,0.805970149253731,0.0689655172413793,0.47887323943662,0.194029850746269,0.931034482758621,0.52112676056338,0,0,23.0959907963438,27.6209114838021,13.7866046491489,69.4331266444234,29.9253814121511,48.185809713946,"MID",0
3749,6367,"Bayern Munchen","Lucas Hernandez","RCB","DEF",1581,0.608475648323846,0.387096774193548,0.00442757748260595,0,0.849673202614379,0.370860927152318,0.125,0.150326797385621,0.629139072847682,0.875,0,0,32.7173684846738,32.4393118601447,18.2058288741311,81.0905639262125,21.8684139746571,35.2611902150837,"DEF",1
3749,4555,"Bayern Munchen","Ivan Perisic","RW","ATT",5146,0.277302759424796,0.482899339292654,0.23979790128255,0,0.893764434180139,0.0802638812534359,0.237145855194124,0.106235565819861,0.822429906542056,0.762854144805876,0,0.097306212204508,31.4741299531994,34.3508049183667,22.200171254088,77.7742091218746,24.1247758387842,54.0913353633215,"DEF",0
3749,4974,"Bayern Munchen","Jérôme Boateng","RCB","DEF",14299,0.558780334289111,0.42527449471991,0.0159451709909784,0,0.962181362306728,0.277519147019072,0.509881422924901,0.037818637693272,0.717825499324223,0.490118577075099,0,0.00465535365670521,25.466701969664,34.5988656654722,17.0686766743674,70.7020868698489,20.1530627959281,40.4243546035281,"DEF",1
3749,5482,"Bayern Munchen","Joshua Kimmich","RM","MID",25449,0.263310935596684,0.613069275806515,0.123619788596801,0,0.825592599730198,0.0782948369565217,0.453534777651083,0.174407400269802,0.898182744565217,0.546465222348917,0,0.0235224184782609,23.5904084257762,27.8931913502319,15.3514399236681,70.2926923408359,27.7422325054372,50.0947095976361,"MID",1
3749,6168,"Bayern Munchen","Leon Goretzka","LM","MID",27722,0.224514825770146,0.603744318591732,0.171740855638121,0,0.725494071146245,0.0832337714058144,0.387607119314436,0.274308300395257,0.856152927120669,0.612392880685564,0.000197628458498024,0.0606133014735165,23.563013906938,27.1158146410298,15.5589416283264,71.3578942279185,28.1100992962984,51.3275377801215,"MID",1
3749,5932,"Bayern Munchen","Kingsley Coman","RW","ATT",14250,0.155929824561404,0.450385964912281,0.393684210526316,0,0.700531600708801,0.0751786269027648,0.183284930622782,0.299468399291199,0.646163404784094,0.816715069377218,0,0.278657968313141,31.8245651963228,30.8118216387329,24.28285044981,78.686857388803,31.1362908684653,58.8633572570892,"ATT",1
3749,9116,"Bayern Munchen","Robert Lewandowski","CF","ATT",19729,0.044452329058746,0.389122611384257,0.566425059556997,0,0.555688622754491,0.0125753881688695,0.0631468426578671,0.44311377245509,0.695624278198383,0.936853157342133,0.00119760479041916,0.291800333632747,33.2021089504075,27.8046984971235,18.8163468338055,81.8404038276229,30.9563827806964,62.0844983351572,"ATT",1
3749,9734,"Bayern Munchen","Serge Gnabry","LW","ATT",20844,0.133899443484936,0.49251583189407,0.373584724620994,0,0.765354330708661,0.0576446746228327,0.171276790620993,0.234120734908136,0.785633866246341,0.828723209379007,0.0005249343832021,0.156721459130826,32.0669305954074,29.9744150091869,21.6036757291881,78.4953058056002,32.4899716318058,57.7298888883894,"ATT",1
3749,10318,"Bayern Munchen","Thomas Müller","CM","MID",24663,0.140899322872319,0.473462271418724,0.385638405708957,0,0.723006351446718,0.0536218250235183,0.144424430980842,0.276640790402258,0.745531514581373,0.855575569019158,0.000352858151023289,0.200846660395108,32.1848569677889,28.5762379961282,19.892701594409,79.3026029829633,30.000560619195,57.4789471726212,"ATT",0
3749,18099,"Bayern Munchen","Alphonso Davies","LWB","DEF",22147,0.366550774371247,0.465932180430758,0.167517045197995,0,0.889984532095901,0.183914209115282,0.308188265635074,0.110015467904099,0.747667560321716,0.691811734364926,0,0.0684182305630027,29.6019333963266,34.4460072058747,23.1942379440618,74.881076044662,26.5098288862656,50.7049203881507,"DEF",1
3749,6637,"Bayern Munchen","Manuel Neuer","GK","GK",4788,0.959273182957393,0.02109440267335,0.0196324143692565,0,1,0.440191387559809,0,0,0.444976076555024,1,0,0.114832535885167,33.0508652727072,46.2663253165406,28.0415757168687,81.7910798304109,6.83768523379666,33.4706608855083,"DEF",0
4039,9077,"Manchester City","Riyad Mahrez","SUB","ATT",10506,0.194079573577004,0.585189415572054,0.220731010850942,0,0.682379349046016,0.0688137627525505,0.290408525754885,0.317620650953984,0.832966593318664,0.709591474245115,0,0.0982196439287858,27.9419970291882,29.1251929676399,18.1074294078494,74.4740371328187,33.1415046574615,54.6066634436734,"MID",0
4039,1336,"Manchester City","Bernardo Silva","LW","ATT",4638,0.180034497628288,0.555627425614489,0.264338076757223,0,0.917369308600337,0.0199475065616798,0.283805031446541,0.0826306913996627,0.909711286089239,0.716194968553459,0,0.0703412073490814,33.1566181958357,32.6359264957512,21.1470362516911,76.9652693756411,24.4406902870614,58.3378136933012,"ATT",1
4039,8039,"Manchester City","Nicolas Otamendi","LCB","DEF",2149,0.744067007910656,0.247091670544439,0.00884132154490461,0,1,0.335097001763668,0,0,0.647266313932981,0,0,0.017636684303351,0,37.3939658940942,19.423350407776,0,16.7265494215941,39.2433127458285,"DEF",1
4039,5066,"Manchester City","Joao Cancelo","RWB","DEF",5162,0.534095311894614,0.433552886478109,0.0323518016272763,0,0.863583815028902,0.29455216989843,0.466666666666667,0.136416184971098,0.677746999076639,0.533333333333333,0,0.0277008310249307,25.1437377882969,37.8403516640663,26.1675477761997,70.6947863180627,25.3853430172791,46.932070766583,"DEF",1
4039,8856,"Manchester City","Raheem Sterling","LW","ATT",18103,0.0724189360879412,0.593658509639286,0.333922554272772,0,0.525493421052632,0.0300361336946703,0.268,0.474506578947368,0.844738030713641,0.732,0,0.125225835591689,30.88961900682,25.4794806342589,18.6675994383982,76.9881132888112,37.3275820727286,56.5579104559512,"ATT",1
4039,9202,"Manchester City","Rodrigo Hernandez","CM","MID",29507,0.337682583793676,0.58548818924323,0.0768292269630935,0,0.779104124807942,0.105345542772169,0.60091874820557,0.220895875192058,0.877749080378806,0.39908125179443,0,0.0169053768490256,20.3776810396196,27.4240182577286,15.7714988104145,66.738682071229,27.184974058414,47.0017204568128,"MID",1
4039,11566,"Manchester City","Gabriel Jesus","CF","ATT",12157,0.0392366537797154,0.456033560911409,0.504729785308876,0,0.568738229755179,0.0149082568807339,0.133779264214047,0.431261770244821,0.763952599388379,0.866220735785953,0,0.221139143730887,32.2004426560534,26.1605393096249,15.8444629636264,80.7283701077768,34.2730825484471,59.1922019599844,"ATT",1
4039,5821,"Manchester City","Kevin de Bruyne","RM","MID",25781,0.1113222916101,0.575889220743959,0.312788487645941,0,0.579066022544283,0.0244787709968768,0.252097130242826,0.420933977455717,0.852452097577446,0.747902869757174,0,0.123069131425677,29.4768300975721,24.3174331125353,17.1726613432564,76.4024284552185,34.4038275388571,56.7846773711398,"MID",1
4039,4460,"Manchester City","Ilkay Gündogan","LM","MID",28455,0.364997364259357,0.587137585661571,0.0478650500790722,0,0.786792238738228,0.125340150078338,0.694801026957638,0.213207761261772,0.864929496165581,0.305198973042362,0,0.00973035375608147,17.8677790794331,28.0386733923909,15.5103623242999,64.1417149566783,26.8039625377085,45.855946737799,"MID",1
4039,1302,"Manchester City","Benjamin Mendy","LWB","DEF",20117,0.432470050206293,0.464283938957101,0.103246010836606,0,0.806374228923921,0.245040840140023,0.28704181724316,0.19362577107608,0.730921820303384,0.71295818275684,0,0.0240373395565928,35.9247733211447,35.3244847443166,26.6311072814209,78.6009053658453,29.6268372830555,48.6592319534989,"DEF",1
4039,24015,"Manchester City","Eric Garcia","RCB","DEF",19207,0.721559847972093,0.259957307231738,0.0184828447961681,0,0.980463015245624,0.423664657226973,0.348432055749129,0.0195369847543761,0.573531473433338,0.651567944250871,0,0.00280386933968877,25.1587349338562,36.9034665999907,20.0840302787175,73.7619670052468,21.6308528102338,36.4291942433537,"DEF",1
4039,1152,"Manchester City","Aymeric Laporte","LCB","DEF",16542,0.749244347720953,0.218595091282795,0.032160560996252,0,0.975997946348351,0.498420089805422,0.142045454545455,0.0240020536516493,0.49825378346915,0.857954545454545,0,0.00332612672542824,31.1475901536701,36.1425756133173,20.8402019538186,79.7040981840121,19.4823576678002,34.3976560271582,"DEF",1
4039,6037,"Manchester City","Kyle Walker","RWB","DEF",14493,0.478023873594149,0.454771268888429,0.0672048575174222,0,0.820208023774146,0.223168085461526,0.310857142857143,0.179791976225854,0.754465030879653,0.689142857142857,0,0.0223668836588216,26.4753743917489,35.0802281706799,23.7970596766806,72.4689893243809,29.9165994859727,46.5931681982584,"DEF",1
4039,2934,"Manchester City"," Ederson","GK","GK",7723,0.997928266217791,0,0.00207173378220899,0,1,1,0,0,0,0,0,0,0,46.1277378430519,45.8927700795057,0,6.37630733940599,4.70530809279702,"GK",1
4039,11672,"Manchester City","Phil Foden","RW","ATT",24614,0.158893312748842,0.579385715446494,0.261720971804664,0,0.648910411622276,0.0554064417177914,0.334162520729685,0.351089588377724,0.843270705521472,0.665837479270315,0,0.101322852760736,29.4936020422285,28.5874176992137,19.7676885525153,75.7284552604963,32.7300620112346,55.4943216757839,"ATT",1
4039,11879,"Liverpool","Minamino Takumi","LW","ATT",2804,0.0827389443651926,0.561340941512126,0.355920114122682,0,0.803468208092486,0.0262237762237762,0.213454075032342,0.196531791907514,0.886363636363636,0.786545924967659,0,0.0874125874125874,33.9159337955749,29.7692455536297,18.5368438942881,80.8871340408382,25.1744358300702,53.9888658272432,"ATT",1
4039,25648,"Liverpool","Neco Williams","RWB","DEF",4295,0.347846332945285,0.40093131548312,0.251222351571595,0,0.84140625,0.111913357400722,0.167770419426049,0.15859375,0.84115523465704,0.832229580573951,0,0.0469314079422383,35.4384348838476,39.8545154638718,27.13845123364,79.9053864325992,35.5681012365258,51.100702637528,"ATT",0
4039,515,"Liverpool","Alex Oxlade-Chamberlain","SUB","DEF",13904,0.16800920598389,0.619533947065593,0.212456846950518,0,0.707727272727273,0.05700187170325,0.450747953711544,0.292272727272727,0.899948953547728,0.549252046288456,0,0.0430491747490216,25.2067272368283,31.2100823574375,19.5152396799956,71.8672311229815,32.5849013821897,53.0701981900218,"MID",0
4039,2792,"Liverpool","Divock Origi","CF","ATT",7722,0.0448070448070448,0.387205387205387,0.567987567987568,0,0.718535469107552,0.0047438330170778,0.0793763288447909,0.281464530892448,0.718216318785579,0.920623671155209,0,0.277039848197343,34.0248151530727,26.345548547526,18.4013174217005,82.4629968810885,37.683247194782,61.7648896347288,"ATT",1
4039,11589,"Liverpool","Naby Keita","LM","MID",9734,0.175775631806041,0.584240805424286,0.239983562769673,0,0.673415023974427,0.0651088929219601,0.326817042606516,0.326584976025573,0.849137931034483,0.673182957393484,0,0.0857531760435572,29.0637283855995,25.3917225781415,16.7635129529459,75.8052345312185,32.5373992952754,52.6768509606862,"ATT",0
4039,9143,"Liverpool","Roberto Firmino","CF","ATT",17124,0.0729969633263256,0.448610137818267,0.478392898855408,0,0.612954186413902,0.0063655653228251,0.123572657594244,0.387045813586098,0.805850257653834,0.876427342405756,0,0.18778417702334,29.5330107596015,26.3494578883922,17.3891217791458,78.2688470584931,34.0802037063524,59.2082463720644,"ATT",1
4039,9449,"Liverpool","Sadio Mane","LW","ATT",21406,0.0854433336447725,0.426983088853592,0.487573577501635,0,0.752857142857143,0.0335135135135135,0.137464650190582,0.247142857142857,0.768768768768769,0.862535349809418,0,0.197717717717718,32.9705343914319,26.337767999408,18.6179147955381,80.4128771315986,31.3953390122316,59.3133210213919,"ATT",1
4039,7745,"Liverpool","Mohamed Salah","RW","ATT",22389,0.057483585689401,0.412524007325026,0.529992406985573,0,0.64659890539484,0.0140845070422535,0.150606626224918,0.35340109460516,0.691791373239437,0.849393373775082,0,0.29412411971831,32.1398651220193,29.3399221614341,21.7612763648466,79.7241768648531,33.6934112692824,62.156771571628,"ATT",1
4039,5318,"Liverpool","Jordan Henderson","RM","MID",27112,0.246864856889938,0.613639716730599,0.139495426379463,0,0.725468975468975,0.104538341158059,0.517988929889299,0.274531024531025,0.834272300469484,0.482011070110701,0,0.061189358372457,22.4076489074969,28.7758600112577,17.4367981523612,68.7547009169074,31.1975339485962,50.1279531137095,"MID",1
4039,3267,"Liverpool"," Fabinho","CM","MID",22672,0.445659844742414,0.517819336626676,0.0365208186309104,0,0.873700477662265,0.206155349291646,0.741970604246053,0.126299522337735,0.777821201758671,0.258029395753947,0,0.0160234489496825,18.2491689323826,32.552686700821,17.4602660515098,64.4678038121721,25.1948986560661,44.1998675734681,"MID",1
4039,3847,"Liverpool","Georginio Wijnaldum","LM","MID",19678,0.221922959650371,0.623894704746417,0.154182335603212,0,0.672727272727273,0.0645320806032884,0.493065518890483,0.327272727272727,0.891581159599456,0.506934481109517,0,0.0438867597972555,24.6362228183297,25.4124239641029,15.5132040640841,70.9150437358942,29.6598932691498,50.3534967118786,"MID",1
4039,851,"Liverpool","Andrew Robertson","LWB","DEF",20180,0.339593657086224,0.508275520317146,0.15213082259663,0,0.837431114879186,0.16097150667648,0.269914926527456,0.162568885120814,0.773209967406161,0.730085073472544,0,0.0658185259173588,33.6510621737492,34.4403835845197,24.8754545349665,76.9064501724716,25.324587929785,50.1500186193485,"DEF",1
4039,10748,"Liverpool","Virgil van Dijk","LCB","DEF",18564,0.625565610859729,0.354449472096531,0.0199849170437406,0,0.960499856363114,0.347886831994411,0.274509803921569,0.039500143636886,0.651065316101991,0.725490196078431,0,0.00104785190359762,32.3778509489946,33.3564684567708,19.1016542649017,80.5702940098487,21.6457222678545,38.0528803155326,"DEF",1
4039,11537,"Liverpool","Joe Gomez","RCB","DEF",9339,0.633365456687011,0.361923118106864,0.00471142520612485,0,0.97588908981314,0.355284365645867,0.716981132075472,0.0241109101868596,0.644715634354133,0.283018867924528,0,0,26.4338760187316,34.9874911244577,19.3107189955033,65.3965652293748,22.1854142037415,39.3346152703844,"DEF",1
4039,11847,"Liverpool","Trent Alexander-Arnold","RWB","DEF",17041,0.39176104688692,0.453142421219412,0.155096531893668,0,0.828911870503597,0.201941499552944,0.240025332488917,0.171088129496403,0.700344871631115,0.759974667511083,0,0.0977136288159407,33.2084543514411,36.6436509674387,26.8128287629544,76.6461169594854,31.5329819707787,52.1048174849496,"DEF",1
4039,11565,"Liverpool","Alisson Ramses Becker","GK","GK",5669,1,0,0,0,1,1,0,0,0,0,0,0,0,45.4928876494458,40.0169570715634,0,6.95387920787755,11.4664077499168,"GK",1
